Счет;Номенклатура
10.июн;Автомобильная аптечка
10.июн;Щетка стеклочистителя задняя TRICO
10.июн;Щетка стекл-ля бескаркасная TRICO (480мм)
10.июн;Щетка стекл-ля бескаркасная TRICO (500мм)
10.июн;Щетка стекл-ля бескаркасная TRICO (539мм)
10.июн;Щетка стекл-ля бескаркасная TRICO (600мм)
10.июн;Щетка стекл-ля бескаркасная TRICO (650мм)
10.июн;Лампа 12V 60/55W OSRAM
10.июн;Лампа 12V 35W OSRAM
10.июн;Перчатки с ПВХ
10.июн;Тонер черный Konica-Minolta A33K150
10.июн;Тонер желтый Konica-Minolta A33K250
10.июн;Тонер пурпурный Konica-Minolta A33K350
10.июн;Тонер голубой Konica-Minolta A33K450
10.сен;Комплект по обслуживанию 220v для HP LJ M806
10.июн;Картридж чёрный 25X Hp LJ
10.июн;Набор конд. текстиль Барашек Симпатяга
10.мар;Дизельное топливо
10.мар;Бензин Аи-95
10.июн;Термобумага А4 100 листов
10.июн;Термобумага в рулоне 6 рулонов
10.июн;Архивный короб
10.июн;Штрих-код
10.июн;Крышка для короба
10.июн;патч-панель высокой плотности
10.июн;Кабель-канал 80x50 DLP
10.июн;Заглушка для кабель-канала 35/50x80 DLP
10.июн;Розетка компьютерная 1 модуль
10.июн;Суппорт/рамка на 2 модуля DLP на крышку 65мм
10.июн;угол плоский Т-образный
10.июн;Витая пара UTP
10.июн;Вода Нестле Пьюр Лайф 18,9 л.
10.июн;Помпа
10.июн;Бланк трудовой книжки нового образца ТК-4
10.июн;Вкладыши в трудовые книжки нового образца ВТ-1
10.июн;Короб 70x18мм напольный 3 канала, серый
10.июн;Зимняя жидкость (-20С) для стеклоомывателя
10.июн;Антифриз (концентрат), 1л
10.май;Щетка стеклоочистителя бескаркасная (500мм)
10.май;Щетка стеклоочистителя бескаркасная (650мм)
10.июн;Вода дистиллированная 1,5л
10.июн;Коврик
10.июн;Ярлыки адресов доставки
10.июн;USB-ключ eToken PRO (Java)
10.мар;Дизельное топливо
10.мар;Бензин Аи-95
10.мар;Дизельное топливо
10.мар;Бензин Аи-95
10.июн;папка файл-вкладыш А4 45 мкм (100 шт)
10.июн;носители информации Verbatim CD-R 700Mb
10.июн;носители информации Verbatim DVD-R 4,7Gb
10.июн;Анти-степлер SAX для скоб 24/6, 26/6
10.июн;Батарея Duracell AAA
10.июн;Бейдж 90x60мм, (10 шт.)
10.июн;Бейдж 90x60мм, (25 шт.) синий
10.июн;Бизнес-тетрадь А4 120л клетка спираль
10.июн;Блок бумаги для флипчартов белый 65x98 20 лист.
10.июн;Блок-кубик 3М 76x76, 450л.
10.июн;Блок-кубик 9x9x9
10.июн;Блокнот А5, 50л, евроспираль, синий, клетка
10.июн;Блок-кубик запасной 9x9x9 цветной блок
10.июн;Бумага для ОфТех SVETO COPY, пачка 500 л.
10.июн;Бумага для цв.струй.печ. MEGAJET А4, пачка 50л.
10.июн;Вертикальный накопитель 85мм прозрачный
10.июн;Визитница настольная на 160 визиток
10.июн;Салфетки ProMega Office в тубе 100шт.
10.июн;Губка-стиратель для маркерных досок
10.июн;Датер автоматический мини
10.июн;Держатель для бумаг 2шт/уп
10.июн;Доска пробковая 90x120 деревян. рама
10.июн;Дырокол до 30л.
10.июн;Дырокол до 150 листов особо мощный
10.июн;Зажим для бумаг 51мм 12шт/уп
10.июн;Зажим для бумаг 41мм 12шт/уп
10.июн;Зажим для бумаг 19мм 12шт/уп
10.июн;Зажим для бумаг 32мм 12шт/уп
10.июн;Лезвие запасное для ножей 18мм 10шт/уп
10.июн;Запасные салфетки для губок для досок 100шт
10.июн;Карандаш механический PILOT 0.7мм
10.июн;Карандаш механический PILOT 0.5мм
10.июн;Карандаш чернографитовый STABILO HB, с ластиком
10.июн;Клей МОМЕНТ-1 универсал 30мл
10.июн;Клей-карандаш, 15гр
10.июн;Клейкая лента канцелрская 3М SCOTCH двуст
10.июн;Клейкая лента канцелрская 3М SCOTCH
10.июн;Клейкая лента канцелрская 12x10 12шт/уп
10.июн;Клейкая лента упаковочная 50ммx100м
10.июн;Клейкие закладки пласт. 1цв.по 25 л. зел
10.июн;Клейкие закладки пласт. 1цв.по 25 л. син
10.июн;Клейкие закладки пласт. 5цв.по 20 л. неон
10.июн;Кнопки для пробковых досок силовые флажки 25шт/уп
10.июн;Конверт С4стрип 50шт/уп
10.июн;Конверт Е65декстрин 110x220 100шт/уп
10.июн;Конверт Е65стрип 110x220 100шт/уп
10.июн;Конверт С5стрип 1000шт/уп
10.июн;Пакет В4 стрип 250x380x30 25шт/уп
10.июн;Конверт С6стрип 50шт/уп
10.июн;Конверты для CD бумажные 100шт
10.июн;Короб архивный синий
10.июн;Корректирующая жидкость, 20мл быстросох.
10.июн;Краска штемпельная красная
10.июн;Краска штемпельная синяя
10.июн;Ластик пластик. 10шт/уп
10.июн;Линейка 30см. флуор.
10.июн;Лоток для бумаг прозрачный
10.июн;Магнитный держатель для досок
10.июн;Маркер перманентный , черный 1.5-3мм
10.июн;Клейкая лента монтажная 12шт
10.июн;Клейкие закладки пласт. 4цв.по 24 л. неон
10.июн;Набор маркеров 4цв.
10.июн;Набор настольный черный
10.июн;Маркер выделитель текста 6цв.
10.июн;Маркер выделитель текста 4цв.
10.июн;Нить прошивная лавсан, 1000 м
10.июн;Нож канцелярский, металл с цинком18мм
10.июн;Ножницы, 215 мм
10.июн;Ножницы, 165 мм
10.июн;Пакет С4 стрип 200шт/уп
10.июн;Папка файлов синяя
10.июн;Папка файлов синяя 40/045
10.июн;Папка файлов сиреневая
10.июн;Короб архивный белый 100мм
10.июн;Короб архивный белый 150мм
10.июн;Папка архивный короб, 75мм
10.июн;Папка архивная крафт/бумвинил
10.июн;Папка бокс
10.июн;Папка на молнии пластик зел.
10.июн;Папка на молнии пластик голуб.
10.июн;Папка на молнии пластик розовая
10.июн;Папка конверт с кнопкой син.
10.июн;Папка на 2-х кольцах 35мм красная
10.июн;Папка на 4-х кольцах 25мм сиреневая
10.июн;Папка на 2-х кольцах 35мм тем-син.
10.июн;Папка на 2-х кольцах 35мм сирен.
10.июн;Папка портфель черный
10.июн;Папка на резинках красная
10.июн;Папка органайзер
10.июн;Папка с ароч.мех. 75мм мрамор зел
10.июн;Папка с ароч.мех. 75мм мрамор син.
10.июн;Папка с ароч.мех. 50мм желт.
10.июн;Папка с ароч.мех. 50мм зел.
10.июн;Папка с ароч.мех. 50мм фиол.
10.июн;Папка с ароч.мех. 50мм зел.
10.июн;Папка короб на резинке черный
10.июн;Папка скорос-ль А4 красн.
10.июн;Папка уголок А4 син.
10.июн;Папка файл вкладыш А4 бел 10шт
10.июн;Папка файл вкладыш А4 100шт
10.июн;Папка конверт на молнии красный
10.июн;Папка с ароч.мех. 75мм мрамор черн
10.июн;Папка скор-ль бирюз. А4
10.июн;Папка скорос-ль А4 зел.
10.июн;Папка скорос-ль А4 оранж
10.июн;Папка скорос-ль А4 син.
10.июн;Папка скорос-ль ДЕЛО
10.июн;Папка уголок А4 8шт/уп
10.июн;Папка с ароч.мех. 75мм оранж
10.июн;Подвесная регистратура папка салатовая А4 25шт
10.июн;Подставка для календаря
10.июн;Подставка для календаря Аврора
10.июн;Подставка для канц.мелочей зел.
10.июн;Подставка для канц.мелочей черн.
10.июн;Подушка для смачивания пальцев гелевая 25г
10.июн;Пружины для переплета металл 14.3мм
10.июн;Пружины для переплета металл 6.4мм
10.июн;Пружины для переплета металл 12.7мм
10.июн;Пружина для переплета, пластик, 12мм, черный, 100шт/уп
10.июн;Пружина для переплета, пластик, 19мм, черный, 100шт/уп
10.июн;Пружина для переплета, пластик, 8мм, черный, 100шт/уп
10.июн;Пружина для переплета, пластик, 14мм, синие, 100шт/уп
10.июн;Пружина для переплета, пластик, 25мм, синие, 100шт/уп
10.июн;Пружина для переплета, пластик, 6мм, черные, 100шт/уп
10.июн;Разделитель листов из сер.пласт. А4, 12 разделов индексы
10.июн;Разделитель листов из сер.пласт. А4, 20  разделов алфавит
10.июн;Разделитель листов из сер.пласт. А4, 20  разделов индексы
10.июн;Разделитель листов из сер.пласт. А4, 12 разделов индексы
10.июн;Разделитель листов раздел.полоски желтые, 100шт/уп
10.июн;Резинка универсальная 113г диам.50мм
10.июн;Ручка гелевая  метал.клип. 0.5мм син.
10.июн;Ручка гелевая  0.5мм черн.
10.июн;Разделитель листов А4, ламин.
10.июн;Тендер набор гелевых ручек 10цв
10.июн;Ручка шариковая PILOT синяя
10.июн;Ручка шариковая автомат
10.июн;Ручка шариковая 4цв./набор
10.июн;Ручка шариковая BIC синяя
10.июн;Салфетки влажные Salfeti для рук, антибактериальные, 20шт/уп.
10.июн;Скобы к степлеру 24/6 SAX
10.июн;Скобы к степлеру №10 SAX
10.июн;Скрепки 28мм 100шт/уп, полимер, овал, цв.
10.июн;Скрепки 50мм 100шт/уп, никель, кругл.
10.июн;Скрепки 25мм 100шт/уп, никель, кругл.
10.июн;Скрепочница магнитная круглая
10.июн;Спрей для чистки оптики defender
10.июн;Степлер SAX 219 (N10) до 10л.
10.июн;Степлер SAX 539 (N24/6) до 30л.
10.июн;Стержень микрографический 0.7, 12гриф.
10.июн;Стержень микрографический 0.5, 12гриф.
10.июн;Точилка на 2 отв. с контейнером
10.июн;Папка файл-вкладыш А4, 5шт
10.июн;Папка файл-вкладыш А4, 50шт
10.июн;Флипчарт 70x100 на роликах
10.июн;Флэш-память 32Gb
10.июн;Штамп самонаборный 4стр.
10.июн;Штамп самонаборный 3стр.
10.июн;Штамп самонаборный пласт. 9/7 стр.
10.июн;Штамп стандартный мини с 12 бух.терм.
10.июн;"Штамп стандартный ""Копия верна"""
10.июн;Этикетки самокл. для папок 7шт на листе А4, 25л.
10.июн;Этикетки самокл. для папок 4шт на листе А4, 25л.
10.июн;Папка на 4-х кольцах 25мм голубая
10.июн;Спрей для чистки маркерных досок 250мл
10.июн;Набор наст.черный. вращ.
10.июн;Подвесная регистратура ярлычки д/подвес. папок мяг.пласт
10.июн;Конверт С4 010 силикон ((312) печать 1+0, бумага офсетная)
10.июн;набор принадлежностей для магн-маркер. досок, HEBEL
10.июн;Блок-кубик 76x76, 400л неон.
10.июн;Бумага для цв.струй.печ. MEGAJET А4, пачка 50л. глянцевая
10.сен;Брошюровщик до 297мм, до 16л/до 450л., пл.пруж.
10.июн;Зажим для бумаг 15мм 12шт/уп
10.июн;Зажим для бумаг 25мм 12шт/уп
10.июн;Блок-кубик Post-it миникуб 51x51 400л.
10.июн;Конверт С4стрип 250шт/уп
10.июн;Папка на 2-х кольцах 35мм тем-зел.
10.сен;Доска магнитно-маркерная 100x200
10.июн;Тендер папка А5
10.июн;Скобы к степлеру 24/6 SAX
10.июн;Папка файлов синяя 0,3 файлы
10.июн;Короб архивный белый 150мм
10.июн;Конверт для CD диск. с окном, 100шт./уп.
10.июн;Салфетки ProMega Office в тубе 100шт.
10.июн;Короб архивный белый 100мм
10.июн;Бумага для ОфТех SVETO COPY, пачка 500 л.
10.июн;Клейкая лента канцелрская 3М SCOTCH двуст
10.июн;Блок-кубик запасной 9x9x9 цветной блок
10.июн;Маркер выделитель текста 6цв.
10.июн;Маркер перманентный , черный 1.5-3мм
10.июн;Набор маркеров для досок 4цв. 2-5мм.
10.июн;Ножницы, 165 мм
10.июн;папка файл-вкладыш А4 45 мкм (100 шт)
10.июн;Клейкая лента упаковочная 50ммx100м
10.июн;Папка уголок А4 син.
10.июн;Набор настольный черный
10.июн;Лезвие запасное для ножей 18мм 10шт/уп
10.июн;Краска штемпельная фиолетовая
10.июн;Краска штемпельная синяя
10.июн;Подушка для смачивания пальцев гелевая 25г
10.июн;Короб архивный синий
10.июн;Клей-карандаш, 15гр
10.июн;Нож канцелярский, металл с цинком18мм
10.июн;Вертикальный накопитель 85мм прозрачный
10.июн;Лоток для бумаг прозрачный
10.июн;Клей МОМЕНТ-1 универсал 30мл
10.июн;Маркер выделитель текста 4цв.
10.июн;Блок-кубик 9x9x9
10.июн;Корректирующая лента, 4,2мм x 5м
10.июн;Папка конверт с кнопкой син.
10.июн;Папка на молнии пластик зел.
10.июн;Краска штемпельная красная
10.июн;Доска пробковая 90x120 деревян. рама
10.июн;Папка скорос-ль ДЕЛО
10.июн;Скрепки 28мм 100шт/уп, полимер, овал, цв.
10.июн;Клейкие закладки пласт. 4цв.по 24 л. неон
10.июн;Скрепки 50мм 100шт/уп, никель, кругл.
10.июн;Салфетки влажные Salfeti для рук, антибактериальные, 20шт/уп.
10.июн;Конверт С6стрип 50шт/уп
10.июн;Конверт С5стрип 1000шт/уп
10.июн;Конверт Е65стрип 110x220 100шт/уп
10.июн;Блок-кубик 3М 76x76, 450л.
10.июн;Карандаш чернографитовый STABILO HB, с ластиком
10.июн;Пакет В4 стрип 250x380x30 25шт/уп
10.июн;носители информации Verbatim DVD-R 4,7Gb
10.июн;Ежедневник А5, 145x205, 136л
10.июн;носители информации Verbatim CD-R 700Mb
10.июн;Калькулятор CITIEN бухг.12 разряд.
10.июн;Обложка для переплета, дымч.прозрачная, А4, 200шт/уп.
10.июн;Обложка для переплета, матов.непрозрачная, А4, 200шт/уп.
10.июн;Обложка для переплета, прозрачная, А4, 200шт/уп.
10.июн;Папка с ароч.мех. 50мм мрамор черн
10.июн;Пружина для переплета, пластик, 10мм, синий, 100шт/уп
10.июн;Пружина для переплета, пластик, 16мм, синий, 100шт/уп
10.июн;Пружина для переплета, пластик,51мм, черный, 50шт/уп
10.июн;Бейдж 120x87мм, (10 шт.)
10.июн;Краска штемпельная фиолетовая
10.июн;Папка уголок п/э зеленая
10.июн;Ручка гелевая набор 4цв.
10.сен;Стол письменный ольха (120x60x75см)
10.сен;Тумба выкотная ольха (42x45x219см)
10.сен;Шкаф для документов ольха (80x45x219см)
10.сен;Шкаф для одежды ольха (80x60x219см)
10.сен;Кресло оператора, ткань, серая
10.сен;Стул барный 35x35x83см Зета
10.сен;Зеркало 60x45см
10.сен;Шкаф для одежды ольха (80x45x219см)
10.июн;Термобумага А4 100 листов
10.июн;Термобумага в рулоне 6 рулонов
10.июн;Термобумага в нарез. листах А4 100 листов
10.мар;Дизельное топливо
10.мар;Бензин Аи-95
10.июн;Резинки для купюр димаетр 100мм, 1кг
10.июн;Печать в автом.осн. R40
10.июн;Архивный короб
10.июн;Архивный короб
10.июн;Пломба свинцовая (1кг), 230 шт в упак
10.июн;Шпагат льняной полиров. 1,2ктекс (в клубке 150м)
10.июн;Витая пара UTP
10.июн;"Реле низкого давления 1/4"""
10.июн;Кабель Hyperline UTP 4-CSE-Solid-RD-305, витая пара, красный
10.июн;Кабель Hyperline UTP 4-CSE-Solid-GN-305, витая пара, зеленый
10.июн;Кабель UTP cat.5e 4 пары (305м)
10.июн;Коннектор RJ45 8P8C (100 шт.в упак.)
10.сен;Инструмент обжимной Hyperline HT-200A
10.сен;Монтажный инструмент, тестер LAN Gembird
10.янв;Каталог ТСП ВАО
10.янв;Каталог ТСП ЦАО
10.янв;Каталог ТСП Зел.АО
10.янв;"Бланк ""Анкета-заявка на изготовление социальной карты"""
10.июн;Экспресс-картридж CE505X
10.июн;Экспресс-картридж CE278A
10.июн;Экспресс-картридж FX-10
10.июн;Экспресс-картридж Q5949X
10.июн;Картридж Q6470A черный
10.июн;Картридж Q6471A голубой
10.июн;Картридж Q6472A желтый
10.июн;Картридж Q6473A пурпурный
10.июн;Картридж CE400X (507X)
10.июн;Картридж CE278A
10.июн;Электронный идентификатор Rutoken 32K s
10.янв;ВЕСБ М
10.июн;Конверт С4 020 силикон ((257) печать 2+0, бумага офсетная
10.янв;Каталог ТСП ЮЗАО
10.янв;Каталог ТСП СЗАО
10.май;Вентилятор в сборе / Fan assembly
10.июн;Датер автоматический самонаб.пласт.Pr.55-Dater-Bank-Set
10.июн;Вода Нестле Пьюр Лайф 18,9 л.
10.июн;Помпа
10.сен;Кресло Zenit (QZY-1111) (ткань, черный)
10.сен;Туба мобильная, 3 ящика (45*45*56) (млечный дуб/алюм.)
10.сен;Стойка прямая (150*70*114) (млечный дуб/алюм.)
10.сен;Стойка прямая (70*70*114) (млечный дуб/алюм.)
10.сен;Стойка угловая (90*90*114) (млечный дуб/алюм.)
10.мар;Дизельное топливо
10.мар;Бензин Аи-95
10.июн;Фотолюминесцентный план эвакуации
10.июн;"Бумага для офисной техники ""Nota Argument"" А4, 500л/пч."
10.июн;"Бумага для офисной техники ""Nota Argument"" А4, 500л/пч."
10.июн;Картридж Brother TZe-SE4 с ламинированной пломбировочной лентой 18мм
10.июн;Бумага офисная XEROX Business А4, 500 листов
10.май;Автошина R14 185/60 Michelin Energy XM2 (лето 681)
10.май;Автошина R16 215/65 Nokian Hakka SUV (лето)
10.июн;Салфетки ProMega Office в тубе 50шт.
10.июн;Конверт из офсетной бумаги 229x324мм 100шт./уп
10.июн;Запасные салфетки для губок стирателей 100шт/уп.
10.июн;Папка-регистратор с ароч.мех. 50мм, А4
10.июн;Папка-регистратор картон 2мм, А4, 350-600л.
10.июн;Папка-уголок Lamark, 180мкм, А4, 40л.
10.июн;Корзина для бумаг, пластик., 14л.
10.июн;Лоток вертикальный, 250x90x300мм, черный
10.июн;Лоток горизонтальный Престиж, 340x270x70мм
10.июн;Клейкая лента Nova Roll, прозрачная, 48мм*50мкм*66м
10.июн;Губка для стирания с доски Infild магнит.
10.июн;Спрей для досок Favorit 250мл
10.июн;Высококачественый офсет, упак.в термоусад.плену, плотность 80г/м.кв.
10.июн;"Блокнот ""Офисный"" на спирали, А5, 210x148, 80л"
10.июн;Часы настенный ВЕГА, белые
10.июн;Штамп самонаборный Trodat, 3 строки
10.июн;Элемент питания Duracell MN1500, АА, 2 шт в блистере
10.июн;Пружина для переплета, пластик, диаметр кольца 38мм, черный, 50шт/уп
10.июн;Пружина для переплета, пластик, диаметр кольца 16мм, черный, 100шт/уп
10.июн;Пружина для переплета, пластик, диаметр кольца 12мм, черный, 100шт/уп
10.июн;Пружина для переплета, пластик, диаметр кольца 19мм, черный, 100шт/уп
10.июн;Зажимы, 41мм, цветные, 12шт/уп.
10.июн;Зажимы, 15мм, 12шт/уп.
10.июн;Обложка для переплета, под кожу, А4, цвет белый, 100шт в пачке
10.июн;Кнопки-гвоздики цветные, 50шт/уп.
10.июн;Скрепки метал., длина 28мм, круглые, цветные, 100шт/уп.
10.июн;Обложка для переплета, прозрачная, А4, 100шт/уп.
10.июн;Конверт на молнии Lamark, ассорти, А4, 12шт/уп., карман д/визитки
10.июн;Пружина для переплета, пластик, диаметр кольца 28мм, черный, 50шт/уп
10.июн;Пружина для переплета, пластик, диаметр кольца 8мм, черный, 100шт/уп
10.июн;Пружина для переплета, пластик, диаметр кольца 51мм, черный, 50шт/уп
10.июн;Пружина для переплета, пластик, диаметр кольца 10мм, черный, 100шт/уп
10.июн;Пружина для переплета, пластик, диаметр кольца 28мм, черный, 50шт/уп
10.июн;Зажимы Lamark, 25мм,  6шт
10.июн;Скрепки Lamark, 50мм, с коробке , 100шт/уп.
10.июн;Набор настольный, вращающ., пластик, 17 предметов, черный
10.июн;Увлажнитель для пальцев, 20гр
10.сен;Брошюровщик до 347мм, до 22л/до 410л., пл.пруж.
10.июн;Скобы №24/6, 1000шт/уп.
10.июн;Набор текстмаркеров, чернила на вод.основе, 4 цвета
10.июн;Точилка механич.настольная, офисная
10.июн;Степлер 24/6 и 26/6, до 25 листов
10.июн;Клей-карандаш, 40гр
10.июн;Самоклеющиеся бумаж. закладки 50x12мм, 4 блока по 100 листов, неон
10.июн;Ручка гелевая, синяя
10.июн;Маркер перманентный , черный
10.июн;Нож канцелярский, ширина лезвия - 18мм
10.сен;Брошюровщик до 347мм, до 22л/до 410л., пл.пруж.
10.июн;Флеш-память Transcend JetFlash 16 GB, USB 3.0
10.сен;Диктофон цифровой Olympus 4Gb
10.июн;Антистеплер Speed, металл/пластик
10.июн;Карандаш чернографитовый HB, с ластиком
10.июн;Самоклеющаяся бумага для записи 76x76, 100л./уп.
10.июн;Клейкая лента офисная, 19ммx33м, прозрачная
10.июн;Пластиковые разделители на 6,10,12 разделов, А4
10.июн;Калькулятор проф., Casio настольный
10.июн;Папка конверт на кнопке А4
10.июн;Бейдж 107x83мм, д/карт 100x71мм, метал. зажим/тесьма
10.июн;Ручка шариковая, одноразовая, синяя
10.июн;Ежедневник А5, 140x200, 160л, синий
10.июн;Дырокол 150 листов
10.июн;Точилка механич.настольная, офисная
10.июн;Точилка механич.настольная, офисная
10.июн;Ластик для удаления графитовых и чернильных надписей
10.июн;Самоклеющаяся бумага в виде куба для заметок, 50x50, 400 листов
10.июн;Магниты Office Point, 6 шт, круглые
10.июн;Набор тмаркеров для флипчарта, 4 цвета
10.июн;Папка с боковым зажимом. Пластик 0.7мм, А4
10.июн;Линейка Office Point, 20см
10.июн;Корректирующая лента, 5мм x 6мм
10.июн;Корректирующая жидкость, 20мл с кисточкой
10.июн;Штемпельная краска Trodat, синяя
10.янв;Каталог ТСП САО
10.янв;Каталог ТСП ЮВАО
10.янв;Бланк анкеты СКМ
10.янв;Каталог ТСП СВАО
10.янв;Бланк анкеты СКМ (синий)
10.май;Автошина Continental 235/60 R18 103H 4x4
10.сен;Тумба мобильная, 3 ящика (45*45*56) (млечный дуб/алюм.)
10.янв;Наклейки
10.янв;Плакаты
10.июн;Короб 70x18мм напольный 3 канала, серый
10.июн;Помпа
10.июн;Вода Нестле Пьюр Лайф 18,9 л.
10.июн;Ярлычки для подвесных папок
10.июн;Файл-вкладыш, А4
10.июн;Дырокол 70 листов
10.июн;Диск CD-R80, 700 Mb, Verbatim (50шт.)
10.июн;Диск DVD-R, 4.7 Gb, Verbatim (25шт.)
10.июн;Конверт для CD диск. с окном, 25шт./уп.
10.июн;"Бумага для офисной техники ""Nota Argument"" А3, 500л/пч."
10.июн;Скобы Lamark, №10
10.июн;Скоросшиватель, Дело, А4, бел., карт. (100шт)
10.июн;Нить прошив.капрон., 1.8мм (6нит)
10.июн;Нить прошивочная, капроновая 1мм (2 нитки)
10.июн;Ножницы, 135 мм
10.июн;Диспенсер для клейкой ленты
10.июн;Салфетки влажные Salfeti для рук, антибактериальные, 20шт/уп.
10.сен;Монитор LED 21,5 HP Pavilion
10.сен;Док-станция для ноутбука Lenovo ThinkPad
10.мар;Дизельное топливо
10.мар;Бензин Аи-95
10.сен;Малькольм раб.стул Эдшен
10.сен;ТОБИАС стул
10.сен;САЛЬМИ стол 105
10.янв;Каталог ТСП ЮАО
10.янв;Каталог ТСП ЗАО
10.июн;Резинка для денег 1000г диаметр 70мм
10.июн;Картридж CE411A (305A)
10.июн;Картридж CE412A (305A)
10.июн;Картридж CE413A (305A)
10.июн;Картридж CE410X (305X)
10.июн;Картридж HP 502A (Q6472A)
10.июн;Тонер-картридж голубой HP Color LJ
10.июн;Тонер-картридж желтый HP Color LJ
10.июн;Тонер-картридж пурпурный HP Color LJ
10.сен;Рабочая станция (ПК HP Pro 3500 MT Intel Core i5-3470 + клавиатура + мышь + монитор HP TFT 21,5')
10.июн;Печать в автом.осн. R40
10.сен;Чайник-термос Panasonic NC 4л
10.июн;Растение ORCHIDACEAE N раст в гршк 12
10.июн;Растение DRACAENA раст 45 Драцена
10.июн;Растение FICUS MICROCARPA GINSENG кмн
10.сен;Растение PACHIRA AQUATICA N раст в грш
10.сен;Растение FICUS MICROCARPA GINSENG кмн
10.июн;Пленка маркерная 1.37x50м
10.июн;Пломба свинцовая (1кг), 230 шт в упак
10.июн;СУ-лента КТЛ 50ммx76м
10.июн;Экспресс-картридж CE505X
10.июн;Экспресс-картридж Q5949X
10.июн;Экспресс-картридж CE278A
10.июн;Экспресс-картридж CE285A
10.июн;Экспресс-картридж CF280X
10.июн;Экспресс-картридж CE255X
10.июн;Картридж C4182X
10.июн;Картридж C8543X
10.сен;Растение FICUS MICROCARPA GINSENG кмн
10.сен;ПОЭНГ кркс тбр д/ног + пдш-сд н/тб д/н Гранон
10.сен;ПОЭНГ кркс крсл березовый шпон + пдшк-сдн н/крсл Гранон
10.июн;АНГЕНЭМ блюдо 45
10.июн;АНГЕНЭМ вз 20 темно-коричневый
10.июн;АНГЕНЭМ мск 30x23
10.июн;ТРЮГГ срвр мск 17 прозрачное
10.июн;ТРЮГГ срвр мск 17
10.июн;КЛАКК пднс 38x58 каучуковое
10.июн;ГРОГГИ пднс 38 нержавеющая сталь
10.июн;ИКЕА/365+ чшк коф+ блдц 20
10.июн;ИКЕА/365+ чшк чайн+ блдц 36
10.июн;БУНДИС настен часы черный
10.янв;Бланк анкеты СКМ
10.янв;Бланк анкеты СКМ (синий)
10.янв;Бланк анкеты СКУ
10.янв;Бланк анкеты СКС
10.янв;Бланк анкеты дружинника
10.янв;ВЕСБ М
10.сен;Потолочный кронштейн для проектора Tuarex CORSA-2007
10.июн;ProxCard II (Proxi-карта HID)
10.июн;Вода Нестле Пьюр Лайф 18,9 л.
10.мар;Дизельное топливо
10.мар;Бензин Аи-95
10.сен;Проектор BenQ W1070 DLP
10.сен;Сканер Canon CanoScan DR-2020U
10.сен;Стойка Dinon Projector Cart
10.сен;Экран Draper Luma 152*203 MW белый, матовый 9кг
10.июн;Картридж CE400А (507А) черный
10.июн;Картридж CE401А (507А) голубой
10.июн;Картридж CE402А (507А) желтый
10.июн;Картридж CE403А (507А) пурпурный
10.июн;Печать в автом.осн. R40
10.июн;Ярлыки адресов доставки
10.июн;Экспресс-картридж TN-2275 для Brother
10.сен;Офисная доска 2X3 TSS1020
10.сен;Проектор Benq MH680
10.сен;Экран с электроприводом Classic Lyra 244x183
10.сен;Экран Draper Luma NTSC (3:4)
10.сен;Проекционный экран Lumien Master Control 274x366
10.июн;Лампа 36Вт L 36/640(ЛБ-36) G13 люминесцентная
10.июн;Дырокол с люверсами
10.июн;Люверсы 250шт.
10.сен;ЛЕКСВИК плк д/обуви 35
10.сен;ХЕМНЭС веш 185 черный
10.сен;ПОЭНГ N пдш-сд н/тб д/н
10.сен;МУЛИГ стел 58x34x162 белый
10.июн;Архивный короб
10.июн;Штрих-код
10.июн;Крышка для короба
10.сен;Шкаф архивный ШХА-900(40)
10.сен;iPad mini Retina Wi-Fi Cell 16Gb Silver
10.сен;"Стул офисный ""Самба/Е-С"" хром, ис.кожа"
10.сен;"Кресло руководителя ""Optima/MST"" черн., ис.кожа"
10.сен;"Кресло руководителя ""Ровер""  Х сетка черн."
10.сен;"Кресло руководителя ""Торино New"" W венге нат. кожа черная, титан"
10.июн;Вода Нестле Пьюр Лайф 18,9 л.
10.сен;Стол для переговоров 120*120*74 меламин с опорой для брифинга 4*4*71
10.сен;Тумба выкатная без ручек 3 ящика 41.6*60*58.6 черный
10.сен;Шкаф для одежды 92*42*166 меламин
10.сен;Тумба выкатная без ручек 3 ящика 41.6*60*58.6 черный
10.сен;Кресло посетителя без подлокотников на 4-лучевой крестовине
10.сен;Кресло руководителя с подлокотниками база полированный
10.сен;Стол журнальный Дуэт-4 85*85*50 черный
10.сен;"Кресло руководителя ""Торино New"" W венге нат. кожа бежевая, титан, подлокотники Италия"
10.июн;Конверт С4 000 силикон (бумага офсет. 90 г/м2 (83/Т))
10.сен;ИБП APC Back-UPS CS, 650ВА
10.сен;ИБП APC Back-UPS, 1100ВА
10.сен;ИБП APC Back-UPS, 500ВА
10.июн;Экспресс-картридж CE255X
10.июн;Экспресс-картридж CF280X
10.июн;Экспресс-картридж CE505X
10.июн;Экспресс-картридж Q2613A
10.июн;Экспресс-картридж CE278A
10.июн;Картридж C8543X
10.июн;Сетевой фильтр ZIS Pilot-Pro 1.8м (6 розеток)
10.июн;Сетевой фильтр ZIS Pilot-Pro 3м (6 розеток)
10.июн;Конверт из офсетной бумаги 229x324мм 100шт./уп
10.июн;Магниты для досок
10.июн;Книга учета по движ.труд.кн.
10.июн;Линейка пластиковая, 30 см
10.сен;Доска магнитно-маркерная
10.июн;Лоток горизонтальный
10.июн;Зажимы 25мм, цветные
10.июн;Набор гелевых ручек с рез 4 цв.
10.июн;Набор текстмаркеров, чернила на вод.основе, 4 цвета
10.июн;Дырокол
10.июн;Закладки пласт. 45x12*4*40л
10.июн;Калькулятор проф., Canon
10.июн;Папка с вкладышами, 20 вкладышей, синий.
10.июн;Грифели д/мех карандаша, 0.5мм
10.июн;Карандаш механический
10.июн;Куб неон, 76x76, розовый
10.июн;Набор аксессуаров к белым доскам
10.июн;Масло для уничтожителей HSM (250 мл)
10.июн;Ножницы, 15 см
10.июн;Ручка гелевая Pilot, черная
10.июн;Корректирующая лента, 5мм x 6мм
10.июн;Скоросшиватель светло-голубой
10.июн;Клейкая лента двусторон., монтажная, белая
10.июн;"Бумага для офисной техники ""Nota Argument"" А4, 500л/пч."
10.сен;ХЭМНЭС тумб прикров 46x35
10.июн;ОРЭД кашпо 10,5 бежевый
10.июн;Рамка А4 (21x30 см), багет, стекло, стандарт.задник, подвес
10.июн;Рамка А4 (21x30 см), багет 122N, стекло, стандарт.задник, подвес
10.май;Аккумулятор MUTLU CALCIUM SILVER 90 а/ч
10.июн;Лампа W5W 12V OSRAM STANDARD
10.июн;Лампа H7 12V OSRAM STANDARD
10.мар;Дизельное топливо
10.мар;Бензин Аи-95
10.сен;Считыватель PR-EH03
10.сен;Считыватель PR-EH08 USB
10.сен;Стойка угловая (90*90*114) (млечный дуб/алюм.)
10.июн;Панель 2115*400*16 (серый)
10.июн;Панель 600*600*41 (серый)
10.сен;Тумба для оргтехники ящики ПВХ с доводч. 82*59*67, орех каналетто
10.сен;Вешалка напольная Д-2 40*40*180, металлик
10.июн;Вода Нестле Пьюр Лайф 18,9 л.
10.июн;Суппорт/рамка на 2 модуля DLP на крышку 65мм
10.июн;Разъем под витую пару категория 5е универс. 100шт.
10.июн;Заглушка для кабель-канала 35/50x80 DLP
10.июн;Розетка компьютерная 1 модуль
10.июн;Кабель-канал 80x50 DLP
10.июн;Электронный идентификатор eToken PRO (Java)/ 72K
10.янв;ВЕСБ М
10.сен;Потолочный кронштейн для проектора Tuarex CORSA-2007
10.сен;Смартфон Nokia Lumia 520
10.сен;Смартфон Apple iPhone 4S 8Gb
10.сен;Смартфон Explay Fresh
10.сен;Велопарковка ВП 11 массовая на 10 мест
10.сен;"Шкаф-купе ""MDD"" средний 120*43*129, черный"
10.сен;"Шкаф-купе ""MDD"" высокий 120*43*183, черный"
10.мар;Дизельное топливо
10.мар;Бензин Аи-95
10.июн;Самоклеющаяся бумага в виде куба для заметок, 50x50, 400 листов
10.июн;Высококачественый офсет, упак.в термоусад.плену, плотность 80г/м.кв.
10.июн;Ежедневник А5, 140x200, 160л, синий
10.июн;Карандаш чернографитовый HB, с ластиком
10.июн;Клей-карандаш, 40гр
10.июн;Скрепки метал., длина 28мм, круглые, цветные, 100шт/уп.
10.июн;Набор тмаркеров для флипчарта, 4 цвета
10.июн;Лоток горизонтальный Престиж, 340x270x70мм
10.июн;Лоток вертикальный, 250x90x300мм, черный
10.июн;Степлер 24/6 и 26/6, до 25 листов
10.июн;Скобы №24/6, 1000шт/уп.
10.июн;Клейкая лента офисная, 19ммx33м, прозрачная
10.июн;Корректирующая лента, 5мм x 6мм
10.июн;Папка-регистратор с ароч.мех. 50мм, А4
10.июн;Папка-регистратор картон 2мм, А4, 350-600л.
10.июн;Папка с боковым зажимом. Пластик 0.7мм, А4
10.июн;Пластиковые разделители на 6,10,12 разделов, А4
10.июн;Папка-уголок Lamark, 180мкм, А4, 40л.
10.июн;Папка конверт на кнопке А4
10.июн;Конверт на молнии Lamark, ассорти, А4, 12шт/уп., карман д/визитки
10.июн;Ручка шариковая, одноразовая, синяя
10.июн;Ручка гелевая, синяя
10.июн;Ластик для удаления графитовых и чернильных надписей
10.июн;Линейка Office Point, 20см
10.июн;Кнопки-гвоздики цветные, 50шт/уп.
10.июн;Магниты Office Point, 6 шт, круглые
10.июн;Часы настенный ВЕГА, белые
10.июн;Калькулятор проф., Casio настольный
10.июн;Салфетки ProMega Office в тубе 50шт.
10.июн;Увлажнитель для пальцев, 20гр
10.июн;Губка для стирания с доски Infild магнит.
10.июн;Папка подвесная картонная , А4
10.июн;Штемпельная краска Trodat, синяя
10.июн;Скрепки Lamark, 50мм, с коробке , 100шт/уп.
10.июн;Обложка для переплета, под кожу, А4, цвет белый, 100шт в пачке
10.июн;Корзина для бумаг, пластик., 14л.
10.июн;"Блокнот ""Офисный"" на спирали, А5, 210x148, 80л"
10.июн;Зажимы Lamark, 25мм,  6шт
10.сен;Диктофон цифровой Olympus 4Gb
10.янв;Бланк анкеты СКМ
10.янв;Бланк анкеты СКМ (синий)
10.янв;Бланк анкеты СКУ
10.янв;Бланк анкеты СКУ
10.янв;Бланк анкеты СКС
10.янв;Бланк анкеты СК полиции
10.июн;ИКЕА ПС ФЕЙО гршк самоп 32
10.сен;Растение PHOENIX ROEBELENII N раст в
10.сен;Растение CHRYSALIDOCARPUS LUTESCENS
10.июн;ИКЕА ПС ФЕЙО гршк самоп 32
10.сен;ИБП АРС Back-UPS CS BK650EI, 650BA
10.июн;Штамп самонаборный Trodat, 3 строки
10.июн;Клей-карандаш, 40гр
10.июн;Набор настольный, вращающ., пластик, 17 предметов, черный
10.июн;Лоток горизонтальный Престиж, 340x270x70мм
10.июн;Лоток вертикальный, 250x90x300мм, черный
10.июн;Степлер 24/6 и 26/6, до 25 листов
10.июн;Корректирующая лента, 5мм x 6мм
10.июн;Папка подвесная картонная , А4
10.июн;Скрепки Lamark, 50мм, с коробке , 100шт/уп.
10.июн;Корректирующая жидкость, 20мл с кисточкой
10.июн;Рамка А4 (21x30 см), багет, стекло, стандарт.задник, подвес
10.июн;Рамка А4 (21x30 см), багет 122N, стекло, стандарт.задник, подвес
10.сен;Растение CHRYSALIDOCARPUS LUTESCENS
10.сен;"ПАК ""Соболь"", ключ активации ТП базовый включен (12 м)"
10.сен;Универсальный адаптер для ноутбуков Ginzuu GA-4290U, 9 сменных разъемов, 90 Вт
10.сен;Универсальный адаптер для ноутбуков FSP Twinkle 65, 8 сменных разъемов, 65 Вт
10.июн;Ревизор сети (версия 3.0) Установочный комплект (ПЗ) (диск)
10.сен;Принтер HP LJ Pro 400 color <CE957A>
10.июн;Тонер-картридж для HP LJ P3015, черный
10.июн;Печатающая головка HP C9380A, фото черный/серый
10.июн;Печатающая головка HP C9383A, пурпурный/голубой
10.июн;Печатающая головка HP C9384A, черный матовый/желтый
10.сен;Малькольм раб.стул
10.сен;КИВИК 1-мест скц Гранн
10.сен;МИККЕ стол с отдлн д/принт
10.сен;ЛАКК NN журн стол 90x55
10.сен;ЭКСПЕДИТ стел 44x185
10.сен;Шкаф кухонный напольный 4 дв., 160x75
10.сен;САЛЬМИ стол 105
10.сен;КЛИППАН див 2мест Шиннарп
10.сен;ПЬЕТТЕРИД кртн 140x56 лесная
10.сен;ПЬЕТТЕРИД кртн 90x90 Чарли
10.сен;ПЬЕТТЕРИД кртн 90x90 Одри
10.сен;ТОБИАС стул
10.июн;Факсимиле с автомат. оснасткой
10.сен;Весы напольные 150кг./50 г. Платформа из нерж.стали, яркий дисплей
10.июн;ГКЛ влагост.2500*1200 12,5
10.июн;Профиль потол.пп 60*27 зм.п
10.июн;Саморез 800шт 3,5*35
10.июн;Перегородки модульные Statica (9.0м2)
10.июн;Перегородки модульные Statica (35.5м2)
10.июн;Перегородки модульные Statica (10.1м2)
10.июн;Перегородки модульные Statica (5.9м2)
10.май;Шина 'Goodyear' 185/65 R14 86T Ultra Grip Ice+ (684)
10.май;Автошина Nokian 215/65 R16 102Т Hakkapeliitta SUV 8 26273,69 (зима 628)
10.сен;"Система виброакустической защиты ""Муссон"""
10.июн;патч-панель высокой плотности
10.июн;Кабель-канал 80x50 DLP
10.июн;Заглушка для кабель-канала 35/50x80 DLP
10.июн;Розетка компьютерная 1 модуль
10.июн;Суппорт/рамка на 2 модуля DLP на крышку 65мм
10.июн;угол плоский Т-образный
10.июн;Компакт-диск с дистрибутивом ПО ViPNet Client
10.сен;Кресло Zenit (QZY-1111) (ткань, черный)
10.сен;Туба мобильная, 3 ящика (45*45*56) (млечный дуб/алюм.)
10.сен;Стойка прямая (150*70*114) (млечный дуб/алюм.)
10.сен;Стойка прямая (70*70*114) (млечный дуб/алюм.)
10.сен;Стойка угловая (90*90*114) (млечный дуб/алюм.)
10.май;Автошина Continental 235/60 R18 103H 4x4
10.сен;Малькольм раб.стул Эдшен
10.сен;ТОБИАС стул
10.сен;САЛЬМИ стол 105
10.июн;АНГЕНЭМ блюдо 45
10.июн;АНГЕНЭМ вз 20 темно-коричневый
10.июн;АНГЕНЭМ мск 30x23
10.июн;ТРЮГГ срвр мск 17 прозрачное
10.июн;ТРЮГГ срвр мск 17
10.июн;КЛАКК пднс 38x58 каучуковое
10.июн;ГРОГГИ пднс 38 нержавеющая сталь
10.июн;ИКЕА/365+ чшк коф+ блдц 20
10.июн;ИКЕА/365+ чшк чайн+ блдц 36
10.июн;БУНДИС настен часы черный
10.сен;ЛЕКСВИК плк д/обуви 35
10.сен;ХЕМНЭС веш 185 черный
10.сен;ПОЭНГ N пдш-сд н/тб д/н
10.сен;МУЛИГ стел 58x34x162 белый
10.сен;ПОЭНГ кркс тбр д/ног + пдш-сд н/тб д/н Гранон
10.сен;ПОЭНГ кркс крсл березовый шпон + пдшк-сдн н/крсл Гранон
10.июн;Печать в автом.осн. R40
10.июн;Печать в автом.осн. R40
10.сен;Шкаф архивный ШХА-900(40)
10.июн;Рамка А4 (21x30 см), багет, стекло, стандарт.задник, подвес
10.июн;Рамка А4 (21x30 см), багет 122N, стекло, стандарт.задник, подвес
10.июн;Рамка А4 (21x30 см), багет, стекло, стандарт.задник, подвес
10.июн;Рамка А4 (21x30 см), багет 122N, стекло, стандарт.задник, подвес
10.июн;носители информации Verbatim CD-R 700Mb
10.июн;Пломба наклейка 66/22, цвет красный, 1000 шт./рул.
10.янв;Бланк анкеты СК полиции
10.сен;Шредер Office Kit S200
10.янв;Бланк анкеты СКМ
10.янв;Бланк анкеты СКМ (синий)
10.сен;Ноутбук Dell Inspiron 3543 Core i5, GeForce 820M 2Gb, Windows 8.1
10.июн;"Марка ""Астраханский кремль"""
10.июн;"Марка ""Казанский кремль"""
10.июн;"Марка ""Новгородский кремль"""
10.июн;"Марка ""Московский кремль"""
10.июн;"Марка ""Рязанский кремль"""
10.июн;Шпагат льняной полиров. 1,2ктекс (в клубке 150м)
10.июн;Пломба свинцовая (1кг), 230 шт в упак
10.июн;Резинка для денег 1000г диаметр 60мм
10.сен;Весы электронные ВП-3/6
10.сен;Универсальный адаптер для ноутбуков Ginzuu GA-4290U, 9 сменных разъемов, 90 Вт
10.сен;Универсальный адаптер для ноутбуков FSP Twinkle 65, 8 сменных разъемов, 65 Вт
10.сен;"Универсальный фильтрующий малогабаритный самоспасатель (УФМС) ""Шанс"" - Е п/м"
10.сен;Брошюровщик ProfiOffice Bibdstream E25 Plus электрический
10.июн;Ручка шариковая красный 0,4 мм
10.июн;Ручка шариковая синий 0,35 мм/ 20 шт./уп
10.июн;Ластик каучуковый
10.июн;Папка скорос-ль ДЕЛО
10.июн;Датер автоматический мини
10.июн;Краска штемпельная синяя
10.июн;Подушка штемпельная сменная Е/55 син.
10.июн;Папка с ароч.мех. 50 мм мрамор
10.июн;Дырокол до 150 листов особо мощный
10.июн;Папка с ароч.мех. 70 мм желтая
10.июн;Краска штемпельная красная
10.июн;Точилка 1 отв. металл
10.июн;Папка уголок п/э цв. красная 100мкм
10.июн;Подушка штемп. настол. KORES синяя 7x11 см пласт.
10.июн;Папка уголок п/э цв. зеленая 100мкм
10.июн;Папка уголок 180мкм жест. пластик А4 желтая прозр.
10.июн;Папка уголок п/э цв. красная 100мкм
10.июн;Подставка д/канц. мелочей на 6 отд. черн.
10.июн;Бумага для ОфТех SVETO COPY, пачка 500 л.
10.июн;Папка уголок 180мкм жест. пластик А4 синяя прозр.
10.июн;Блокнот на спирали  А5 клетк.
10.июн;Ручка шариковая черная 0,4 мм
10.июн;Карандаш чернографитовый HB, с ластиком
10.июн;Папка уголок 180мкм жест. пластик А4 синяя прозр.
10.июн;Ручка гелевая синяя 0.5 мм резин манжет
10.июн;Ручка гелевая  0.5мм черн.
10.июн;Степлер (N10) до 10л.
10.июн;Папка с ароч.мех. 50мм зел.
10.июн;Линейка металлич. 30 см (12x1)
10.июн;Клей-карандаш, 36 гр., ПВП
10.сен;Доска магнитно-маркерная 100x200 лак. алюмин.
10.июн;Коврик для мыши Defender гелевый синий
10.июн;Папка на 4-х кольцах 60 мм черн.
10.июн;Кнопки пластик. цветн. 50 шт./уп.
10.июн;Папка конверт с кнопой 180 синяя прозр.
10.июн;Папка конверт с кнопой 180 красная прозр.
10.июн;Папка конверт с кнопой 180 желтая прозр.
10.июн;Папка конверт с кнопой 180 зеленая прозр.
10.июн;Папка на молнии плас. голубая А4
10.июн;Папка на молнии пласт. прозр. зеленая А4
10.июн;Папка с ароч.мех. 50 мм черная
10.июн;Папка архив.крафт/бумвинил 12 см 4 завязки, красн.
10.июн;Папка на резинке синяя
10.июн;Пакет почтовый из 3-х сл. п/э 360х500 стрип
10.июн;Нить прошивная лавсан, 1000 м
10.июн;Ежедневник недат, черный, А5
10.июн;Блокнот на спирали А4, бордо картон клет.
10.июн;Подвесная регистратура ярлычки д/подвес. папок мяг.пласт
10.июн;Скрепки 25мм 100шт/уп, никель, кругл.
10.июн;Зажим для бумаг 15мм 12шт/уп
10.июн;Зажим для бумаг 25мм 12шт/уп
10.июн;Зажим для бумаг 32мм 12шт/уп
10.июн;Зажим для бумаг 41мм 12шт/уп
10.июн;Зажим для бумаг 51мм 12шт/уп
10.июн;Этикетки самокл. А4 70г белая 100 листов/уп
10.июн;Штамп самонаборный пласт. С20-Set
10.июн;Штамп самонаборный пласт. С30-Set
10.июн;Этикетки самокл. 105х70 мм/ 8 шт. на листе А4
10.июн;Этикетки самокл. d-117 мм для CD/2 шт. на листе А4, 25 листов
10.июн;Конверт Е65стрип 110x220 100шт/уп
10.июн;Конверт Е65 декстр. 110x220 100шт/уп
10.июн;Папка скорос-ль А4 зел.с отд.д/виз
10.июн;Конверт Белый С4стрип 229х324 (250 шт/уп)
10.июн;носители информации Verbatim CD-R 700Mb 100шт/уп
10.июн;носители информации Verbatim DVD-R 4,7Gb 100 шт/уп
10.июн;носители информации Verbatim DVD-R 4,7Gb 16x Cake/100 шт/уп
10.июн;Подвесная регистратура папка салатовая А4
10.июн;"Папка адресная ""На подпись"" (бумвинил, синий)"
10.июн;Булавки металлич. 35 мм с подвесом
10.июн;Папка уголок 180мкм жест. пластик А4 желтая прозр.
10.июн;Тетрадь общая, клет,А5, скреп, обл.лак.карт.офсет
10.июн;"Папка адресная ""На подпись"" черная"
10.июн;"Папка адресная ""На подпись"" бордовая"
10.июн;Клейкая лента упаковочная 48мм x132м 45мкм прозр.
10.июн;Вертикальный накопитель 85мм черный 4 шт/уп
10.июн;Папка файлов синяя 0,3 файлы
10.июн;Лоток для бумаг рещетч.прозр.
10.июн;Скрепки 28мм 100шт/уп, полимер, овал, цв.
10.июн;Папка с ароч.мех. 70 мм BANTEX лайм
10.июн;Папка с ароч.мех. 50 мм BANTEX лайм
10.июн;Конверты для CD бумажные 100шт
10.июн;Спрей для чистки экрана ProMega, 250мл
10.июн;Салфетки ProMega Office в тубе д/чистки поверхн.
10.июн;Салфетки ProMega Office в тубе д/чистки любых поверхн.
10.июн;Обложка для переплета, пласт. прозрачная, А4-150мкм
10.июн;Скобы к степлеру №10 SAX нов
10.июн;Скобы к степлеру №24
10.июн;Маркер выделитель текста 4цв.
10.июн;Степлер (№23)
10.июн;Блокнот А6. разд., клет. Альт
10.июн;Губка-стиратель для маркерных досок
10.июн;Салфетки для губок для досок, 100 шт.
10.июн;Лоток для бумаг черный
10.июн;Папка на молнии с 3-х сторон. пласт, вн. карман, черн.
10.июн;"Папка адресная ""На подпись"" (бумвинил, зеленый)"
10.июн;Блок-кубик запасной 9x9x9 белый блок
10.июн;Маркер перманентный , черный 1.5-3мм
10.июн;Степлер 24/6 и 26/6, до 25 листов
10.июн;Нож промышленный18мм мет. направл.ролик.фикс
10.июн;Скрепки 33мм никель, кругл., к/кор
10.июн;Скрепки 35 мм никель, бабочка., к/кор
10.июн;Клейкая лента канцелярская 15x33
10.июн;Разделитель листов раздел.полоски зеленые
10.июн;Разделитель листов раздел.полоски розовые
10.июн;папка файл-вкладыш А4 45 мкм (100 шт)
10.июн;Скобы к степлеру №23/13
10.июн;Анти-степлер для скоб №10,  24/6, 26/6
10.июн;Конверт Белый С4 декстрин 229х324 90г 250 шт/уп
10.июн;Набор маркеров для досок 4цв. 2-5мм.
10.июн;Папка скор-ль бирюз. А4
10.июн;Папка скорос-ль А4 красн.
10.июн;Набор наст.черный. вращ.
10.июн;Папка на резинках пласт. шир.кор 30мм, черн
10.июн;Линейка 30см. прозр. бесцвет.краш.шкала
10.июн;Папка на резинке гофрокартон, 75мм, бирюз.
10.июн;Пружина для переплета, пластик, 22мм, синий
10.июн;Пружина для переплета, пластик, 32мм, белые
10.июн;Папка с ароч.мех. 50мм фиол.
10.июн;Папка с ароч.мех. 75мм синяя
10.июн;Папка на резинках А4, т.-синяя, с карм. CD/визитки
10.июн;Папка на резинке  (31,09)
10.сен;Доска магнитно-маркерная 100х150 лак
10.июн;Батарея GP AA/LR6/15A 12 шт/уп
10.июн;Папка с ароч.мех. 75мм мрамор черн
10.июн;Папка с ароч.мех. 70 мм BANTEX небесно-голубая
10.июн;Папка с ароч.мех. 70 мм сирен.
10.июн;Короб архивный на 5 лотков 75 мм с замком
10.июн;Папка на резинке бирюзовая
10.июн;Этикетка для папок регистраторов, 50мм
10.июн;Папка с ароч.мех. 50 мм, метал.уголок, красн.
10.июн;Вертикальный накопитель 4 отдел. по 40 мм + органайзер черн.
10.июн;Обл. для переплета картонные черные, кожа А4
10.июн;Пружина для переплета, пластик, 16 мм, белые
10.июн;Пружина для переплета, пластик, 28 мм, белые
10.июн;Пружина для переплета, пластик, 32мм, белые
10.июн;Пружина для переплета, пластик, 8 мм, прозрачные
10.июн;Пружина для переплета, пластик, 6 мм, красные
10.июн;Пружина для переплета, пластик, 10мм, синие
10.июн;Пружина для переплета, пластик, 10 мм, черный
10.июн;Пружина для переплета, пластик, 12мм, белые
10.июн;Папка уголок п/э цв. красная 100мкм
10.июн;Пружина для переплета, пластик, 12мм, черные
10.июн;Пружина для переплета, пластик, 14мм, красные
10.июн;Пружина для переплета, пластик, 14мм, синие
10.июн;Пружина для переплета, пластик, 16мм, синие
10.июн;Пружина для переплета, пластик, 19мм, синие
10.июн;Пружина для переплета, пластик, 22мм, белые
10.июн;Пружина для переплета, пластик, 22мм, прозрачные
10.июн;Пружина для переплета, пластик, 32мм, черные
10.июн;Пружина для переплета, пластик, 38 мм, синие
10.июн;Пружина для переплета, пластик, 38 мм, черные
10.июн;Пружина для переплета, пластик, 45 мм, черные
10.июн;Пружина для переплета, пластик, 51 мм, черные
10.июн;Подушка для смачивания пальцев гелевая 25г
10.июн;Зажим для бумаг 19мм цветные
10.июн;Зажим для бумаг 19мм цветные
10.июн;Скрепочница магнитная круглая открытая
10.июн;Ножницы, 210 мм с пласт.ручками разн.кольца
10.июн;Нож канцелярский, металлический
10.июн;Скрепки никель, овал, к/кор
10.июн;Скрепки 50мм б/покрытия, овал, гофр, к/кор
10.июн;Маркер для досок, с магнитом и губкой, черн.
10.июн;Маркер для досок, с магнитом и губкой, синий
10.июн;Флеш-память
10.июн;Папка уголок бирюзовый
10.июн;Датер автоматический самонаб.пласт.Pr.55-Dater-Bank-Set
10.июн;Степлер професс., противос.основ.черн.
10.июн;Чехол для пропуска 250мкм
10.июн;Бизнес-тетрадь А5, 5 раз,рез под руч, кл+л, зел
10.июн;Корректирующая лента, 5х13
10.июн;Блок-кубик в стакане 9x9x9 белый блок, прозр.ст.
10.июн;Папка конверт на кнопке 180 мкм синий.
10.июн;Папка уголок А4 180 мкм 8шт/уп
10.июн;Папка уголок 3 отделения черный
10.июн;Папка уголок 3 отделения, 150 мкм, прозр. син.
10.июн;Папка уголок 3 отделения, 150 мкм, прозр. красн.
10.июн;Папка файловая желтый, 20 файлов
10.июн;Папка на 2-ух кольцах желтый
10.июн;Набор д/сшив. док-ов (3 предмета), белая нить
10.июн;Ежедневник недат, А5, 145х205мм, 136л
10.июн;Корзина для мусора пластик, черная эконом
10.июн;Папка скорос-ль 100 листов фиолет.
10.июн;Папка скорос-ль 100 листов голубой
10.июн;Папка скорос-ль 100 листов фуксия
10.июн;Папка скорос-ль 100 листов желтая
10.июн;Флеш-память 64 Gb
10.июн;Папка на резинке черная
10.июн;Папка короб на резинке зеленая
10.июн;Папка с ароч.мех. 70 мм мрамор, черн.
10.июн;Разделитель листов 12 цв. пластик
10.июн;Разделитель листов 20 цв. пластик А4+
10.июн;Блок-кубик с клеевым краем 38х51мм
10.июн;Блок-кубик с клеевым краем 38х51мм 100л голубой
10.июн;Блок-кубик с клеевым краем 38х51мм
10.июн;Разделитель листов 12л. по месяцам пластик
10.июн;Ежедневник/тетрадь А5 дат. на 2016 год, синий бумвинил
10.июн;Подушка для смачивания пальцев круглая
10.июн;Папка адресная конкорд, синий, А4
10.июн;Набор канц.пазл наполн.-зажимы для бум.цветные
10.июн;Блок-кубик мини куб 51x51 радуга 250л.
10.июн;Блок-кубик куб 76x76, радуга 400л
10.июн;Клейкие закладки пласт. 8 цв.по 25л. 45х12 мм
10.июн;Конверт Ecopost С5, стрип, 80г
10.июн;Дырокол черный до 30л.
10.июн;Папка с зажимом красный
10.июн;Маркер выделитель текста 1-5мм
10.июн;Маркер выделитель текста 1-5мм оранжевый
10.июн;Калькулятор бухг. GR-12 12 разряд черн.
10.июн;Папка уголок двойной фиолетовый
10.июн;Визитница настольная на 128 карт.синяя
10.июн;Планшет с крышкой бирюз.
10.июн;Папка на молнии с 3-х сторон. шир. А4+ пластик, синяя
10.июн;Батарея GP AAА/LR03 12 шт/уп
10.июн;Календарь настольный шалашик на 2016г.
10.июн;Календарь настенный, 2016 Символ Года, Обезъяныш
10.июн;Календарь настенный, 2016 Символ Года
10.июн;Бизнес-тетрадь А4 120л клетка гребень, синий
10.июн;Ролики для касс и кальк. 57мм (дл.20м, вт.12, из т/б)
10.июн;Маркер выделитель текста 1-5мм оранжевый
10.июн;Конверт Белый СD декстрин 125х125 окно d100мм
10.июн;Лоток для бумаг универс. на 6 отд. черный
10.июн;Конверт Белый С6 стрип 114х162 80г
10.июн;"Марка ""Астраханский кремль"""
10.июн;"Марка ""Казанский кремль"""
10.июн;"Марка ""Новгородский кремль"""
10.июн;"Марка ""Московский кремль"""
10.июн;"Марка ""Рязанский кремль"""
10.июн;Электронный идентификатор Rutoken lite 16K
10.июн;Ревизор сети (версия 3.0) Установочный комплект (ПЗ) (диск)
10.июн;Журнал ознакомления работников с локальными нормативными актами
10.июн;Журнал регистрации вводного инструктажа, Автор: ГОСТ 12.0.004-90
10.июн;Журнал выдачи СИЗ
10.янв;Бланк анкеты СКМ
10.янв;Бланк анкеты СКМ (синий)
10.июн;Ярлыки адресов доставки
10.июн;Бумага для ОфТех SVETO COPY (А4, 50г, 146% CIE) пачка 500л.
10.июн;Расход.матер. д/лаз.принт.факсов HP CF325X черн.для M830z/M806x
10.июн;Фонарь Camelion LED 5108-12 (черный)
10.янв;Бланк анкеты СКМ
10.июн;Аптечка офисная (пластиковый чемодан) до 30 чел
10.янв;Бланк анкеты СКМ
10.янв;Бланк анкеты СКМ (синий)
10.июн;Конверт Белый С4стрип 229х324 (250 шт/уп) - 100шт
10.янв;Бланк анкеты дружинника
10.июн;"Фильтр Waterpia Gold Post-Carbon 12"" Тип U"
10.июн;"Фильтр Waterpia Gold Pre-Carbon 12"" Тип U"
10.июн;"Фильтр Waterpia Gold Sediment12"" Тип U"
10.июн;"Фильтр Waterpia Gold UF 12"" Тип U"
10.июн;"Фильтр Waterpia Gold RO 14"""
10.июн;"Фильтр Waterpia Gold Post-Carbon 14"""
10.июн;"Фильтр Waterpia Gold Pre-Carbon 14"""
10.июн;"Фильтр Waterpia Gold Sediment 14"""
10.июн;Вода питьевая бутилированная
10.сен;Модуль Cisco Catalyst 3650 Stack Module Spare C3650-STACK-KIT=
10.сен;Комплект для обслуживания и замены термофиксатора LaserJet HP C2H57A 220v Maintenance Fuser Kit
10.июн;Ярлыки адресов доставки
10.июн;Вода питьевая бутилированная
10.июн;Лампа линейная люминесцентная ЛЛ 18вт L 18/640 G13 белая OSRAM
10.июн;Стартер S2 4-22W 220V последовательное подключение PHILIPS
10.июн;Лампа светодиодная PLED-SP R50 7w 3000K E14 230/50 JazzWay
10.июн;Лампа светодиодная PLED-SP R63 8w 5000K E27 230/50 JazzWay
10.сен;Монитор AOC I2269VWM
10.сен;Источник бесперебойного питания Ippon Verso 600VA New
10.июн;Клавиатура + мышь Logitech MK120 920-002561
10.июн;Сетевой фильтр 3м Gembird EHB-10
10.июн;Сетевой фильтр 5м Gembird EHB-15
10.июн;Кабель UTP Bion
10.июн;Коннектор RJ-45 8P8C APJ11
10.июн;Стяжка пластиковая нейлоновая 100х2,5мм (уп 100шт)
10.июн;Стяжка пластиковая нейлоновая 150х2,5мм (уп 100шт)
10.июн;Стяжка пластиковая нейлоновая 200х2,5мм (уп 100шт)
10.июн;Стяжка пластиковая нейлоновая 250х3,6мм (уп 100шт)
10.июн;Блок питания ExeGate 450W
10.июн;Жесткий диск HDD 500GB Toshiba
10.июн;Диск SSD 128GB SanDisk
10.июн;KVM-переключатель D-Link KVM-221/RU
10.июн;Вода питьевая бутилированная
10.июн;Ролл-ап 1x2 м
10.июн;Вода питьевая бутилированная
10.июн;Экспресс-картридж CF325X
10.янв;Бланк анкеты СКМ
10.янв;Бланк анкеты СКМ (синий)
10.сен;САЛЬМИ стол 105
10.сен;ТОБИАС стул
10.сен;"Универсальный фильтрующий малогабаритный самоспасатель (УФМС) ""Шанс"" - Е п/м"
10.июн;Флеш-память Kingston DT SE9 G2 32GB USB3.0
10.июн;Пакеты д/мусора 120л 700*1100 50 мкм
10.июн;Пакеты д/мусора 60л 50шт рулон черный
10.июн;Пакеты д/мусора 30л ролик 50шт.
10.июн;Туалетная бумага в средн.рул.Viero Professional Comfort 2сл
10.июн;Ярлыки адресов доставки
10.июн;Шоколадная продукция
10.июн;Вода питьевая бутилированная
10.июн;Резинка для денег 80мм (цветная)
10.июн;Пломбы свинцовые, упаковка 5кг
10.июн;Шнур банковский джутовый 1,5кг
10.сен;Сервисный набор (Maintenance Kit, 220V) HP LaserJet Enterprise flow M830, C2H57A
10.июн;Картридж черный для LaserJet 1300 Q2613X НР 13Х
10.май;Фотобарабан цветной для bizhub C224e, C284e, C364e, C454e, C554e, C224, C284, C364 (95 000 стр)
10.июн;Картридж черный для LaserJet 1000w C7115A НР 15А
10.июн;Картридж черный для LaserJet Pro Р1566 CЕ278А НР 78А
10.июн;Картридж черный для LaserJet Pro Р1102 CЕ285А НР 85А
10.июн;Картридж черный для CLJ М351 CЕ410А НР 305А
10.июн;Картридж голубой для CLJ М351 CЕ411А НР 305А
10.июн;Картридж желтый для CLJ М351 CЕ412А НР 305А
10.июн;Картридж пурпурный для CLJ М351 CЕ413А НР 305А
10.июн;Картридж черный для LaserJet P2055 CЕ505Х НР 05Х
10.июн;Картридж черный для LaserJet 1320 Q5949X НР 49Х
10.июн;Картридж пурпурный для CLJ СР2025 СС533А НР 304А
10.июн;Картридж голубой для CLJ СР2025 СС531А НР 304А
10.июн;Картридж желтый для CLJ СР2025 СС532А НР 304А
10.июн;Картридж черный для CLJ СР2025 СС530А НР 304А
10.июн;Картридж для LaserJet Pro 400 М401 СF280Х НР 80Х
10.июн;Картридж черный для CLJ М551 СЕ400А НР 507А
10.июн;Картридж голубой01А для CLJ М551 СЕ4НР 507А
10.июн;Картридж желтый для CLJ М551 СЕ402А НР 507А
10.июн;Картридж пурпурный для CLJ М551 СЕ403А НР 507А
10.июн;Тонер-картридж черный для bizhub C224 KONIKA MINOLTA TN-321К
10.июн;Тонер-картридж желтый для bizhub C224 KONIKA MINOLTA TN-321Y
10.июн;Тонер-картридж пурпурный для bizhub C224 KONIKA MINOLTA TN-321М
10.июн;Тонер-картридж голубой для bizhub C224 KONIKA MINOLTA TN-321С
10.июн;Тонер-картридж черный RICOH Type 1230D 885094 для Aficio 2015
10.июн;Картридж для НР LaserJet P3005 Q7551X
10.июн;Картридж для НР LaserJet P3015 СЕ255Х
10.июн;Картридж для НР Laserjet Enterprise M806DN CF325X
10.июн;Тонер-картридж черный WorkCentre M118 XEROX 006R01179
10.май;Бункер сбора отработанного тонера для bizhub 224e KONIKA MINOLTA WX-103
10.май;Блок девелопера черный для bizhub 224e KONIKA MINOLTA DV-512К
10.май;Фотобарабан черный для bizhub 224e KONICA MINOLTA DR-512
10.июн;"Марка ""Астраханский кремль"""
10.июн;"Марка ""Казанский кремль"""
10.июн;"Марка ""Новгородский кремль"""
10.июн;"Марка ""Московский кремль"""
10.июн;"Марка ""Рязанский кремль"""
10.июн;Марка 1367 Псковский кремль
10.июн;Вода питьевая бутилированная
10.янв;Бланк анкеты СКМ
10.янв;Бланк анкеты СКМ (синий)
10.июн;Кабель-канал 80x50 DLP Legrand 65мм
10.июн;Суппорт Mosaic для кабель-каналов DLP
10.июн;Розетка компьютерная Mosaic 1 модуль
10.июн;Вода питьевая бутилированная
10.сен;Машина для чистки обуви GASTRORAG JCX-12
10.сен;Автоматическое устройство чистки обуви ЭКО Стандарт Плюс
10.июн;Крем бесцветный Антислед 0,5 л
10.июн;"Марка ""Новгородский кремль"""
10.июн;"Марка ""Московский кремль"""
10.сен;Считыватель турникета ParkStyle + металлический кронштейн + монтажные материалы
10.сен;Считыватель рег.для кассы ParkStyle
10.янв;Бланк анкеты СКМ
10.июн;Вода питьевая бутилированная
10.июн;Ручка шариковая LITE, синяя
10.июн;Папка скоросшиватель ДЕЛО inФОРМАТ А4, г/м2
10.июн;Мини-датер пластик 3,8мм
10.июн;Подушка штемп.для Printer 55 синий
10.июн;Папка-регистратор inФОРМАТ А4 черный картон
10.июн;Папка-уголок inФОРМАТ А4 красный пластик
10.июн;Подушка для Printer 20 син.
10.июн;Подушка для 4927 и 4727 синяя
10.июн;Подставка д/канц inФОРМАТ АВАНГАРД 5 отд.черный пластик
10.июн;Бумага inФОРМАТ CLASSIC 500л. 80 г/м2 А4
10.июн;Блокнот А5 60л. кл. ILLUSION 65 г/м2
10.июн;Карандаш чернографит.LITE ЭКО НВ
10.июн;Ручка гелевая LITE, 0,5 мм, синяя
10.июн;Ручка гелевая LITE, 0,5 мм, черная
10.июн;Степлер ETERNA 10 л. №10 черный
10.июн;Клей-карандаш EXTRA 40 г
10.июн;Доска маг-маркер. inФОРМАТ 100х150
10.июн;Папка с 4кольц. BANTEX 50мм синяя
10.июн;Пласт.конверты inФОРМАТ А4 синий пластик
10.июн;Пласт.конверты inФОРМАТ А4 красный пластик
10.июн;Пласт.конверты inФОРМАТ А4 желтый пластик
10.июн;Папка на молнии inФОРМАТ А4 прозрачный пластик
10.июн;Нитки д/сшивания докум. 1000м белый
10.июн;Ежедн.А5 недат.176л., покр кожзам
10.июн;Тетрадь 120л. IFRESH-АПЕЛЬСИН А5
10.июн;Зажимы inФОРМАТ черный металл 15мм
10.июн;Зажимы inФОРМАТ черный металл 25мм
10.июн;Зажимы inФОРМАТ черный металл 32мм
10.июн;Зажимы inФОРМАТ черный металл 41мм
10.июн;Зажимы inФОРМАТ черный металл 51мм
10.июн;Этикетки самокл. MEGA LABEL 210х297 А4
10.июн;Штамп самонаборный PRINTER 20Set 4 строки
10.июн;Конверт почт.оф. Е65 110х220 стрип белый
10.июн;Конверт почт.оф. С4 229х324 стрип белый
10.июн;Диск DVD-R TDK 4700 Мб 16х замок
10.июн;Диск DVD+R VS 4,7 Гб 16х
10.июн;Клейк.лента упак. inФОРМАТ 48 мм х 132 м 45 мкм прозрачная
10.июн;Папка с файлами inФОРМАТ 60 файлов А4 синий пластик карман
10.июн;Скрепки inФОРМАТ серебро оцинк.100шт 28мм
10.июн;Конверт 125х125 стрип окно для CD 80г/м2 белый
10.июн;Салфетки д/монитора DEFENDER OPTIMA CLN 30322 100шт
10.июн;Салфетка универс. 30х30 микрофибра цветная
10.июн;Обложка д/переплета LAMIREL пластик А4 200 мкм
10.июн;Скобы ГЛОБУС №10 металл 1000 шт
10.июн;Скобы ГЛОБУС №24/6 металл 1000 шт
10.июн;Степлер мощный EAGLE 100л. №23/6-13 металл черный
10.июн;Запасные салфетки для стирателя 100шт./уп.
10.июн;Блок д/зап. LITE 9х9х9 см Куб белый
10.июн;Маркер перманентный LITE 2,5мм черный
10.июн;Разделители inФОРМАТ А4 10х22 мм 100л. 4 цв. картон
10.июн;Скобы inФОРМАТ №23/13 металл 1000 шт
10.июн;Антистеплер EAGLE №10 комбинированный синий
10.июн;Набор марк.Board круг.2,5мм 4цв.
10.июн;Папка скоросшиватель inФОРМАТ А4 бирюзовый пластик 180мкм
10.июн;Папка с резинкой inФОРМАТ А4 черный пластик 33 мм
10.июн;Короб архивный inФОРМАТ А4 синий 75мм
10.июн;Короб архивный с выруб.замком 320х240х75 мм
10.июн;Обложка д/переплета LAMIREL DELTA черный картон А4 250 мкм
10.июн;Пружина д/переплета LAMIREL 10 мм черный пластик А4
10.июн;Пружина д/переплета РЕАЛИСТ 28 мм белый пластик А4
10.июн;Пружина д/переплета РЕАЛИСТ 51 мм черный пластик А4
10.июн;Пружина д/переплета LAMIREL 12 мм белый пластик А4
10.июн;Пружина д/переплета РЕАЛИСТ 22 мм белый пластик А4
10.июн;Пружина д/переплета РЕАЛИСТ 32 мм белый пластик А4
10.июн;Зажимы inФОРМАТ ассорти 19мм
10.июн;Ножницы inФОРМАТ 210 мм офисные
10.июн;Скрепки inФОРМАТ серебро 50 шт 50мм
10.июн;Флэш-память KINGSTON DATA TRAVELER 101 G2 16 Гб USB
10.июн;Флэш-память KINGSTON DATA TRAVELER G4 128 Гб USB
10.июн;Флэш-память KINGSTON DATA TRAVELER 100 G3 32 Гб USB
10.июн;Флэш-память SANDISK CRUZER ULTRA FLAIR 64 Гб
10.июн;Коррект.лента-роллер SPEED COVER 0,5х12м
10.июн;Папка с кольцами inФОРМАТ 2 кольца А4 синий пластик 40мм
10.июн;Набор для сшивания документов 3 предмета, нитка черная
10.июн;Папка скоросшиватель inФОРМАТ А4 синий пластик 700 мкм
10.июн;Папка с резинкой inФОРМАТ А4 синий пластик 33 мм
10.июн;Разделители inФОРМАТ А4+ 1-31 дней цвет.пластик
10.июн;Разделители inФОРМАТ А4 алфавит А-Я
10.июн;Блок самоклеящ.НОРАХ 51х51мм 250л.неон
10.июн;Блок самоклеящ.EAGLE 75х75мм 400л.
10.июн;Закладки клейкие ATTACHE 45х12 25л.
10.июн;Дырокол inФОРМАТ серый металл 30л.
10.июн;Папка с прижимами inФОРМАТ 1 зажим А4 красный пластик 0,55мм
10.июн;Маркер-текстовыделитель LITE 1-5мм
10.июн;Маркер перманентный LITE 2,5мм красный
10.июн;Маркер д/флипчартов CENTROPEN FLIPCHART 2.50мм
10.июн;Разбавитель ATTACHE 20мл для штриха
10.июн;Разделители ATTACHE 20 разделов А4 серый пластик
10.июн;Разделительные полоски 100шт.розовые
10.июн;Грифель д/мех.каранд. BEIFA 0,7мм НВ 12 шт
10.июн;Калькулятор inФОРМАТ KH01-12 12 р
10.июн;Календарь настольный 2017г.
10.июн;Календарь настенный кварт. 2017г. 310х685мм
10.июн;Пакет крафт.229х324мм 100г.
10.июн;Конверт почт.оф. С5 162х229 стрип окно справа
10.июн;Папка с файлами inФОРМАТ 20 файлов А4 зеленый пластик
10.июн;Гель д/увл. пальцев inФОРМАТ 25мл
10.июн;Ручка гел. COMFORT 0,50мм крас.резин.грип
10.июн;Степлер ALPHA 20л. №24/6 комбинированный серый
10.июн;Этикетки самокл.MEGA LABEL А4 70х42,3
10.июн;Шило БОЛЬШОЕ С ПЛАСТИКОВОЙ РУЧКОЙ
10.июн;Бейдж верт.б/держ. 93х78
10.июн;Бумага SVETOCOPY 500л. 80 г/м2 А3
10.июн;Блок д/флипчарта inФОРМАТ 67,5х96,5см, клетка 20лист
10.июн;Блок д/флипчарта inФОРМАТ 67,5х96,5см, белый, 20лист
10.июн;Дырокол inФОРМАТ черный металл 30л.
10.июн;Коррект.жидкость inФОРМАТ 20мл
10.июн;Краска штемп. inФОРМАТ 50 мл красн.
10.сен;Тележка ТП 3 (600х1000) без колес, опора неповоротная 160мм, опора поворотная 160мм черная резина
10.июн;Факсимиле
10.янв;Бланк анкеты СКМ
10.янв;Бланк анкеты СКМ (синий)
10.янв;Бланк анкеты дружинника
10.июн;Ярлыки адресов доставки
10.июн;Конверт С4 с печатью
10.июн;Универсальный блок питания для ноутбуков FSP NB V65
10.сен;ИБП АРС Smart-UPS C 1500VA SMC1500I-2U
10.янв;Каталог ТСП ВАО
10.янв;Каталог ТСП СВАО
10.янв;Каталог ТСП ЮЗАО
10.янв;Каталог ТСП ЮВАО
10.янв;Каталог ТСП ЗАО
10.янв;Каталог ТСП САО
10.янв;Каталог ТСП СЗАО
10.янв;Каталог ТСП ЦАО
10.янв;Каталог ТСП Зел.АО
10.июн;Вода питьевая бутилированная
10.янв;Каталог ТСП ЮАО
10.янв;Каталог ТСП ВАО
10.июн;Вода питьевая бутилированная
10.июн;Вода питьевая бутилированная
10.янв;Бланк анкеты СКМ
10.янв;Бланк анкеты СКМ (синий)
10.июн;Ярлыки адресов доставки
10.июн;Конверт С4 с печатью
10.июн;Визитки
10.янв;Наклейка в формате А5
10.янв;Наклейка в формате А6
10.июн;Вода питьевая, высшей категории
10.июн;Марка стандарт (цена 25,00р.)
10.июн;Марка стандарт (цена 10,00р.)
10.июн;Марка стандарт (цена 6,00р.)
10.июн;Марка стандарт (цена 5,00р.)
10.июн;Марка стандарт (цена 1,00р.)
10.июн;Вода питьевая, высшей категории
10.июн;Вода питьевая, высшей категории
10.июн;Вода питьевая, высшей категории
10.июн;Вода питьевая, высшей категории
10.июн;Вода питьевая, высшей категории
10.июн;Вода питьевая, высшей категории
10.июн;Вода питьевая, высшей категории
10.июн;Вода питьевая, высшей категории
10.июн;Вода питьевая, высшей категории
10.июн;Вода питьевая, высшей категории
10.июн;Вода питьевая, высшей категории
10.июн;Вода питьевая, высшей категории
10.июн;Вода питьевая, высшей категории
10.июн;Вода питьевая, высшей категории
10.июн;Вода питьевая, высшей категории
10.янв;Каталог ТСП ЮАО (нов)
10.янв;Каталог ТСП ВАО (нов)
10.янв;Каталог ТСП СВАО (нов)
10.янв;Каталог ТСП ЮЗАО (нов)
10.янв;Каталог ТСП ЮВАО (нов)
10.янв;Каталог ТСП ЗАО (нов)
10.янв;Каталог ТСП САО (нов)
10.янв;Каталог ТСП СЗАО (нов)
10.янв;Каталог ТСП ЦАО (нов)
10.янв;Каталог ТСП Зел.АО (нов)
10.сен;"Кресло руководителя ""Эльф В"""
10.сен;"Кресло офисное ""Метро"""
10.июн;Вода питьевая, высшей категории
10.июн;Ярлыки адресов доставки
10.июн;Конверт С4 с печатью
10.янв;Бланк анкеты СКМ
10.янв;Бланк анкеты СКМ (синий)
10.июн;Вода питьевая, высшей категории
10.июн;Вода питьевая, высшей категории
10.июн;Вода питьевая, высшей категории
10.июн;Вода питьевая, высшей категории
10.июн;Вода питьевая, высшей категории
10.июн;Вода питьевая, высшей категории
10.июн;Вода питьевая, высшей категории
10.сен;Инжектор РоЕ OSNOVO Midspan-24/370RGM
10.июн;Вода питьевая, высшей категории
10.июн;Вода питьевая, высшей категории
10.июн;Вода питьевая, высшей категории
10.июн;Вода питьевая, высшей категории
10.июн;Вода питьевая, высшей категории
10.июн;Вода питьевая, высшей категории
10.июн;Вода питьевая, высшей категории
10.июн;Вода питьевая, высшей категории
10.июн;Вода питьевая, высшей категории
10.июн;Вода питьевая, высшей категории
10.июн;Вода питьевая, высшей категории
10.июн;Экспресс-картридж CF325X для HP LJ Enterprise Flow
10.май;Ремонтный комплект С2Р57А
10.июн;Вода питьевая, высшей категории
10.сен;Контроллер СКУД RusGuard ACS-102-CE-S
10.сен;Считыватель бесконтактный для proxi-карт и брелоков Prox MF-Reader (серый)
10.сен;Электромагнитный замок ML-180K с планкой и уголком
10.сен;Кнопка выхода КН-04
10.сен;Резервированный источник питания РИП-12
10.сен;Аккумулятор 12В 17
10.сен;Комплект управления по радиоканалу Smartec ST-EX101RF
10.сен;Радиоканальный брелок Smartec ST-EX127ТМ
10.сен;Бесконтактная карта Milfare 1K IL-06M ISO
10.июн;Вода питьевая, высшей категории
10.июн;Вода питьевая, высшей категории
10.янв;Бланк анкеты СКМ
10.июн;Конверт Е65 декстр. 110x220 100шт/уп
10.июн;Ярлыки адресов доставки
10.июн;Вода Нестле Пьюр Лайф 18,9 л.
10.сен;Ремкомплект для HP LJ 9000/9040/9050
10.июн;Тефлоновый вал для HP LJ 9000/9040/9050
10.июн;Резиновый вал для HP LJ 9000/9040/9050
10.июн;Компакт-диск с дистрибутивом ПО ViPNet Client
10.мар;Дизельное топливо
10.мар;Бензин Аи-95
10.июн;Таблички
10.июн;Вода Нестле Пьюр Лайф 18,9 л.
10.июн;Факсимиле
10.июн;Экспресс-картридж 726 для Canon LBP6200
10.июн;Экспресс-картридж CE505X
10.июн;Экспресс-картридж Q2613A
10.июн;Экспресс-картридж CE278A
10.июн;Экспресс-картридж CF280X
10.июн;Экспресс-картридж CE255X
10.июн;Картридж CF280X для HP LJ Pro 400
10.июн;Картридж C8543X
10.июн;Картридж C4182X
10.июн;Картридж CE410X (305X)
10.июн;Картридж CE411A (305A)
10.июн;Картридж CE412A (305A)
10.июн;Картридж CE413A (305A)
10.июн;Картридж 006R014179 для XEROX
10.июн;Тонер Ricoh Aficio 2015/2018
10.сен;Принтер HP LJ Pro 400 color <CE957A>
10.сен;Телефонный аппарат Cisco UC Phone 8961
10.сен;Модуль расширения Cisco Unified IP Color Key
10.сен;Телефонный аппарат Cisco Unified SIP Phone 3905 Charcoal
10.сен;Телефонный аппарат Cisco Unified IP Phone 6921, White, Slimline Handset
10.сен;Телефонный аппарат Cisco Unified IP Phone 6921, White, Slimline Handset
10.мар;Дизельное топливо
10.мар;Бензин Аи-95
10.мар;Дизельное топливо
10.мар;Бензин Аи-95
10.сен;Стеллаж металлический (2000x1000x500) 5 полок
10.сен;Стол переговорный белый (180x80x75)
10.июн;Ярлыки адресов доставки
10.июн;Сумка инкассаторская 40*60
10.янв;Бланк анкеты СКМ (синий)
10.июн;Устройство хранения ключевой информации ruToken ЭЦП (USB-ключ)
10.июн;Блок держателей на 4-ре фильтра
10.июн;Коннектор цанга-цанга угловой 1\4'
10.июн;"Фильтр Waterpia Gold Post-Carbon 12"" Тип U"
10.июн;"Фильтр Waterpia Gold Pre-Carbon 12"" Тип U"
10.июн;"Фильтр Waterpia Gold Sediment12"" Тип U"
10.июн;"Фильтр Waterpia Gold UF 12"" Тип U"
10.июн;трубка полиэтиленовая 1\4' (~6мм)
10.мар;Дизельное топливо
10.мар;Бензин Аи-95
10.июн;Архивный короб
10.июн;Термопленка Panasonic KX-FA57 для KX-FP343/363/FB423 70м
10.янв;Бланк анкеты СКМ
10.янв;Бланк анкеты СК полиции
10.янв;Бланк анкеты СКМ (синий)
10.янв;Бланк анкеты дружинника
10.июн;Картридж CE278A
10.июн;Картридж CE285A
10.июн;Картридж CE505Х
10.июн;Картридж FX-10
10.июн;Картридж Q5949X
10.июн;Картридж HP Color LaserJet CE410X черный
10.июн;Картридж HP С7115Х
10.сен;Телефон Cisco UC Phone 7821
10.сен;Телефон Cisco CP-3905
10.мар;Дизельное топливо
10.мар;Бензин Аи-95
10.мар;Дизельное топливо
10.мар;Бензин Аи-95
10.июн;Аптечка офисная (пластиковый чемодан) до 30 чел
10.июн;"Дистрибутив СКЗИ ""КриптоПро CSP"" версии 3,9 на CD. Формуляр"
10.мар;Дизельное топливо
10.мар;Бензин Аи-95
10.янв;Бланк анкеты СКМ
10.янв;Бланк анкеты СКМ (синий)
10.июн;Ярлыки адресов доставки
10.июн;Архивный короб
10.июн;Архивный короб
10.июн;Док-станция ThinkPad Basic USB 3.0 Dock for EDGE E540. E440. S1 Yoga. T540.T440.T440s.T430s.X1 Cardo
10.июн;Жесткий диск HP SAS 3.5 дюйма № 605475-001
10.сен;Планшетный компьютер Apple iPad mini 3 WI-FI+Cellurar 12GB. 87031
10.сен;Телефон Cisco UC Phone 7821
10.сен;Телефон Cisco CP-3905
10.сен;Микрофон Wireless Microphone Kit for Cisco IP Conference Phone 8831
10.сен;Паяльная станция 60Вт/СТ Brand
10.июн;Компакт-диск с дистрибутивом ПО ViPNet SateDisk v4.1 (сертификат ФСЭК+ФСБ)
10.июн;Установочный комплект vGate R2. Материальный носитель с ПО /SEC-SC-VGV-R2 DISC/
10.сен;"ПАК ""Соболь"", ключ активации ТП базовый включен (12 м)"
10.янв;Каталог ТСП ВАО
10.янв;Каталог ТСП Зел.АО
10.янв;Каталог ТСП ЮЗАО
10.янв;Каталог ТСП ЦАО
10.июн;Тонер-картридж черный TN-321К для С224/284/364
10.июн;"Марка ""Рязанский кремль"""
10.июн;"Марка ""Московский кремль"""
10.июн;"Марка ""Новгородский кремль"""
10.июн;"Марка ""Нижегородский кремль"""
10.июн;Термобумага LOMOND для факса, 210х30х12, 55/м2
10.июн;Термобумага LOMOND для факса, 210х30х12, 55/м2
10.июн;Термобумага LOMOND для факса, 210х20х12, 55/м2
10.июн;Термобумага LOMOND для факса, 210х20х12, 55/м2
10.июн;Термобумага LOMOND для факса, 210х25х12, 48/м2
10.июн;Термобумага LOMOND для факса, 210х25х12, 48/м2
10.июн;"Марка ""Рязанский кремль"""
10.июн;"Марка ""Московский кремль"""
10.июн;Марка 1367 Псковский кремль
10.июн;"Эмблема ФГУП ""Почта России"""
10.июн;"Марка ""Казанский кремль"""
10.янв;Каталог ТСП ЮВАО
10.янв;Каталог ТСП САО
10.янв;Каталог ТСП СВАО
10.янв;Каталог ТСП СЗАО
10.июн;Банковская резинка 200 гр, диаметр 70мм, ассорти
10.июн;Банковская резинка 200 гр, диаметр 70мм, ассорти
10.янв;Бланк анкеты СКМ
10.янв;Бланк анкеты СК полиции
10.янв;Каталог ТСП ЮАО
10.янв;Каталог ТСП ЗАО
10.июн;Тонер-картридж для HP LJ P3015, черный
10.июн;ProxCard II (Proxi-карта HID)
10.июн;SlimProx, Proxi-карта em-marine
10.июн;Марка 1367 Псковский кремль
10.июн;"Марка ""Московский кремль"""
10.июн;"Марка ""Рязанский кремль"""
10.июн;Архивный короб
10.июн;Архивный короб
10.июн;Ярлыки адресов доставки
10.июн;Архивный короб
10.июн;Картридж Brother TZe-SE4 с ламинированной пломбировочной лентой 18мм
10.июн;Бумага офисная XEROX Business А4, 500 листов
10.июн;Тонер-картридж Brother TN-2275
10.сен;Принтер Brother P-Touch PT-2700VP для печати наклеек
10.июн;Лампа 18Вт L 18/640(ЛБ-18) G13 люминесцентная
10.июн;Пакеты для уничтожения документов 90x110
10.сен;Принтер для изготовления этикеток Brothеr PT-1010
10.июн;Ламинированная лента TZE-231 (12мм черн/бел)
10.июн;Ламинированная лента TZE-631 (12мм черн/желт)
10.июн;Вода Нестле Пьюр Лайф 18,9 л.
10.июн;Бумага для ОфТех СНЕГУРОЧКА, пачка 500 л.
10.июн;Факсимиле с автомат. оснасткой
10.июн;Пломба свинцовая (1кг), 230 шт в упак
10.июн;Визитки
10.янв;ВЕСБ М
10.сен;Холодильник Samsung RP-92 EERS
10.сен;"Раб.станция HP Pro 3500 MT i33240 (СБ HP Pro 3500 MT i33240+монитор HP TFT 21,5""+ ПО Office Standard"
10.июн;Хомут-липучка зеленый 155мм
10.июн;Хомут- для кабеля 290x20мм
10.июн;Хомут-липучка синий 210мм
10.июн;Стяжка нейлоновая неоткрыв., 150x3.6мм, черная (100шт)
10.июн;Стяжка нейлоновая неоткрыв., 200x3.6мм, черная (100шт)
10.июн;Печатающая головка HP C9380A, фото черный/серый
10.июн;Печатающая головка HP C9383A, пурпурный/голубой
10.июн;Печатающая головка HP C9384A, черный матовый/желтый
10.июн;Короб Т-23 бур.
10.июн;Термобумага А4 100 листов
10.июн;Термобумага в рулоне 6 рулонов
10.июн;Вода Нестле Пьюр Лайф 18,9 л.
10.июн;Вода Нестле Пьюр Лайф 18,9 л.
10.июн;Помпа
10.май;Щетка стек-ля бескаркасная (539мм), TRICO
10.сен;Малькольм раб.стул
10.сен;КИВИК 1-мест скц Гранн
10.сен;МИККЕ стол с отдлн д/принт
10.сен;ЛАКК NN журн стол 90x55
10.сен;ЭКСПЕДИТ стел 44x185
10.сен;Шкаф кухонный напольный 4 дв., 160x75
10.сен;САЛЬМИ стол 105
10.сен;КЛИППАН див 2мест Шиннарп
10.сен;ПЬЕТТЕРИД кртн 140x56 лесная
10.сен;ПЬЕТТЕРИД кртн 90x90 Чарли
10.сен;ПЬЕТТЕРИД кртн 90x90 Одри
10.сен;ТОБИАС стул
10.сен;КИВИК 1-мест скц Гранн
10.мар;Дизельное топливо
10.мар;Бензин Аи-95
10.июн;Пломба свинцовая (1кг), 230 шт в упак
10.июн;Кабель HDMI 19M/M 15м, Carton Packing 2 фильтра
10.июн;Кабель монитор-SVGA card (15M-15M) 15 М 2 фильтра
10.июн;Конверт С4 020 силикон ((257) печать 2+0, бумага офсетная
10.июн;Архивный короб
10.июн;Штрих-код
10.июн;Крышка для короба
10.июн;Доска магнитно-маркерная 150х100 ал.рама, лаковое покрытие
10.июн;набор принадлежностей для досок, малый
10.июн;Файл-вкладыш, А4
10.сен;Обогреватель маслонаполненный DeLonghi, мощность 2000
10.июн;Перегородки модульные Statica (9.0м2)
10.июн;Перегородки модульные Statica (35.5м2)
10.июн;Перегородки модульные Statica (10.1м2)
10.июн;Перегородки модульные Statica (5.9м2)
10.июн;Стойка 350мм с накладкой и регул.
10.июн;Стрингер усиленный с накладкой из ПВХ
10.июн;Тефлоновый вал для HP LJ 8100/8150/LBP3260
10.июн;Резиновый (прижимной) вал для HP LJ 8100/8150/LBP3260
10.сен;HP Probook 430 G1 (Win7, Core i5, 4 Гб, 13.3', Standard 2013 RUS OLP A GOV)
10.сен;HP Probook 430 G1 (Win7, Core i5, 4 Гб, 13.3', Standard 2013 RUS OLP A GOV)
10.июн;Конверт Почта России 360x500, 300 шт.
10.июн;Конверт Почта России 280x380, 400 шт.
10.июн;Нить суровая лавсан, 1000 м
10.июн;Игла прошивочная L=90мм
10.июн;Конверт Nota Post E65, 1000шт
10.июн;Конверт Nota Post C5, 1000шт
10.сен;Весы напольные 150кг./50 г. Платформа из нерж.стали, яркий дисплей
10.июн;Короб Т-23 бур.
10.июн;Факсимиле с автомат. оснасткой
10.июн;Резинка для денег 1000г диаметр 70мм
10.июн;ГКЛ влагост.2500*1200 12,5
10.июн;Профиль потол.пп 60*27 зм.п
10.июн;Саморез 800шт 3,5*35
10.июн;Изделия из профиля ПВХ 700*1700
10.июн;Изделия из профиля ПВХ 1000*1700
10.июн;Изделия из профиля ПВХ 1700*1700
10.янв;Каталог ТСП САО
10.янв;Каталог ТСП ЦАО
10.янв;Бланк анкеты дружинника
10.мар;Дизельное топливо
10.мар;Бензин Аи-95
10.май;Автошина зимняя шип Michelin X-Ice North 3 XL 102Т 4*6803,30 (418,488)
10.май;Коврики резиновые передние Т5 К-КТ 2шт.
10.май;Набор автомобилиста для тяжелых А.М с усиленным тросом 6 тонн
10.май;Автошина зимняя шип Michelin X-Ice North 3 XL 102Т 4*6803,30 (418,488)
10.май;Коврики резиновые передние Т5 К-КТ 2шт.
10.май;Набор автомобилиста для тяжелых А.М с усиленным тросом 6 тонн
10.июн;Ярлыки адресов доставки
10.янв;Проездной документ дружинника
10.июн;Дренаж керамзит. Morris Gr.
10.июн;Грунт универсал. Садовая земля
10.сен;Растение Арека (Хризалидокарпус)
10.янв;ВЕСБ М
10.июн;Архивный короб
10.июн;Штрих-код
10.июн;Крышка для короба
10.июн;Доска магнитно-маркерная 90х120 ал.рама, лаковое покрытие
10.июн;набор принадлежностей для досок, малый
10.янв;Каталог ТСП ЮАО
10.янв;Каталог ТСП ЮВАО
10.янв;Каталог ТСП ВАО
10.июн;Термобумага А4 100 листов
10.июн;Термобумага в рулоне 6 рулонов
10.сен;Комплект запасных роликов Fujitsu Consumable Kit
10.сен;Ролик захвата бумаги из кассеты в сборе HP LJ
10.сен;Комплект по уходу за принтером HP User Maintance Kit
10.янв;Каталог ТСП ЮЗАО
10.янв;Каталог ТСП ЗАО
10.янв;Каталог ТСП Зел.АО
10.май;Автошина зимняя Nokian Hakkapelitta 8 SUV 245/55/19 107T XL (504)
10.июн;Фотолюминесцентный план эвакуации
10.июн;Картридж 006R014179 для XEROX
10.июн;Тонер Ricoh Aficio 2015/2018
10.июн;Картридж C4182X
10.июн;Картридж C8543X
10.июн;Картридж Q6470A черный
10.июн;Картридж Q6471A голубой
10.июн;Картридж Q6472A желтый
10.июн;Картридж Q6473A пурпурный
10.июн;Картридж CE410A (305А)
10.июн;Картридж CE410A (305А)
10.июн;Картридж CE411A (305A)
10.июн;Картридж CE411A (305A)
10.июн;Картридж CE412A (305A)
10.июн;Картридж CE413A (305A)
10.июн;Картридж CE413A (305A)
10.июн;Картридж CC530A (304А)
10.июн;Картридж CC530A (304А)
10.июн;Картридж CC531A (304А) голубой
10.июн;Картридж CC532A (304А) желтый
10.июн;Картридж CE400X (507X)
10.июн;Картридж CC533A (304А) пурпурный
10.янв;Каталог ТСП СВАО
10.янв;Каталог ТСП СЗАО
10.мар;Дизельное топливо
10.мар;Бензин Аи-95
10.май;Шина 'Goodyear' 185/65 R14 86T Ultra Grip Ice+ (684)
10.май;Автошина Nokian 215/65 R16 102Т Hakkapeliitta SUV 8 26273,69 (зима 628)
10.июн;"Фильтр Waterpia Gold RO12"" Тип U"
10.июн;"Фильтр Waterpia Gold Post-Carbon 12"" Тип U"
10.июн;"Фильтр Waterpia Gold Pre-Carbon 12"" Тип U"
10.июн;"Фильтр Waterpia Gold Sediment12"" Тип U"
10.июн;Вертикальные тканевые жалюзи
10.май;Вентилятор WRW 60-30/28-4Е
10.май;Электропривод воздушной заслонки
10.июн;Архивный короб
10.июн;Штрих-код
10.июн;Крышка для короба
10.янв;ВЕСБ М
10.янв;ВЕСБ М
10.июн;Лампа 18Вт L 18/640(ЛБ-18) G13 люминесцентная
10.июн;Стартер S2 4-22W латунные контакты 127В
10.июн;Лампа 20Вт NCL-3U-20-840-E27 компакт.люминесц. энергосбер.
10.июн;Лампа 40Вт CONC R50 40W E14 зеркальная
10.янв;ВЕСБ М
10.сен;"Система виброакустической защиты ""Муссон"""
10.июн;Клей-карандаш, 40гр
10.июн;Набор настольный, вращающ., пластик, 17 предметов, черный
10.июн;Лоток горизонтальный Престиж, 340x270x70мм
10.июн;Лоток вертикальный, 250x90x300мм, черный
10.июн;Степлер 24/6 и 26/6, до 25 листов
10.июн;Корректирующая лента, 5мм x 6мм
10.июн;Часы настенный ВЕГА, белые
10.июн;Папка подвесная картонная , А4
10.июн;Скрепки Lamark, 50мм, с коробке , 100шт/уп.
10.июн;Штамп самонаборный Trodat, 3 строки
10.июн;Корректирующая жидкость, 20мл с кисточкой
10.сен;Диктофон цифровой Olympus 4Gb
10.мар;Дизельное топливо
10.мар;Бензин Аи-95
10.июн;Визитки
10.июн;Термобумага А4 100 листов
10.июн;Термобумага в рулоне 6 рулонов
10.янв;ВЕСБ М
10.янв;Бланк анкеты СКМ
10.янв;Бланк анкеты СКМ (синий)
10.янв;Бланк анкеты СКС
10.янв;Бланк анкеты СК полиции
10.янв;Бланк анкеты СКУ
10.июн;Жидкость для стеклоомывателя -30
10.янв;Каталог ТСП ЮАО
10.июн;Архивный короб
10.июн;Штрих-код
10.июн;Крышка для короба
10.июн;Коннектор Gembird RJ45 8P8C без вставки
10.июн;Кабель UTP 4 пары кат.5е бухта 305м NeoMax
10.сен;"Стол письменный с подвесной тумбой ""Формула"" 120*60*75 ольха"
10.сен;"Тумба приставная для компактных столов 4-ящ. с замком 42*60*75 ольха ""Формула"""
10.сен;"Шкаф для одежды глубокий 80*60*219, ольха ""Формула"""
10.сен;"Кресло оператора, ткань, серый ""Эльза Т"""
10.сен;"Стол эргономичный правый 160*118*75, ольха ""Формула"""
10.сен;"Шкаф для документов со стеклом 80*45*219, ольха ""Формула"""
10.янв;Каталог ТСП ВАО
10.янв;Каталог ТСП СВАО
10.янв;Каталог ТСП ЮЗАО
10.янв;Каталог ТСП ЮВАО
10.янв;Каталог ТСП ЗАО
10.янв;Каталог ТСП САО
10.янв;Каталог ТСП СЗАО
10.янв;Каталог ТСП Зел.АО
10.янв;Каталог ТСП ЦАО
10.июн;Антифриз -42С
